	Paris	London	Berlin	St. Petersburg	Wien	Madrid	Konstantinopel	Riga	Brüssel	Kopenhagen	New York	München	Hamburg	Turin	Dorpat	Bern	Stockholm	Dresden	Reval	Warschau	Neapel	Domesnees	Florenz	Amsterdam	Haag	Athen	Odessa	Bukarest	Lissabon	Budapest	Hannover	Stuttgart	Triest	Versailles	Main	Karlsruhe	Kassel	Moskau	Mitau	Belgrad	Leipzig	Kiel	Frankfurt am Main	Köln	Washington	Libau	Königsberg	Darmstadt	Mailand	Italien	Breslau	Türkische Grenze	Antwerpen	Alexandrien	Marseille	Posen	Prag	Weimar	Altona	Bremen	Liverpool	Schweiz	Genua	Wiesbaden	Stettin	Sofia	Straßburg	Kairo	Venedig	Bombay	Zürich	Rendsburg	Flensburg	Gotha	Basel	Lübeck	Bolderaa	Mainz	Bayonne	Smyrna	Danzig	Schleswig	Windau	Kronstadt	Augsburg	Genf	Christiania	Koblenz	Braunschweig	Semlin	Italienische Grenze	Kiew	Potsdam	Dublin	Schwerin	Charkow	Livorno	Pernau	Zagreb	Heidelberg	Oldenburg	Tiflis	Bordeaux	Baden	Ragusa	Mannheim	Hongkong	Korfu	Nürnberg	Krakau	Bremerhaven	Gent	Calcutta	Magdeburg	Barcelona	Palermo	Freiburg	Toulon	Memel	Verona	Lemberg	Bonn	Wilna	Düsseldorf	Aachen	Hull	Rio de Janeiro	Bologna	Luxemburg	Niederelbe	Algier	Dünaburg	Itzehoe	Philadelphia	Ankona	Dundee	Donau	Fellin	Koburg	Eisenach	Wenden	Helsingör	Perpignan	Serbische Grenze	Hartlepool	Malta	Narwa	Dünkirchen	Wolmar	Gravesend	Erfurt	Spanische Grenze	Lyon	Lüttich	Hanau	Helsingfors	Baden-Baden	Fulda	Salzburg	Pera	Rhein	Münster	Nizza	Varna	Sachsen	Nowgorod	Jassy	Innsbruck	Modena	Kurland	Thüringen	Gothenburg	Stralsund	Würzburg	Grimsby	Zara	Halle	Sewastopol	Elberfeld	Holstein	Archangelsk	Preßburg	Tours	Rostock	Luzern	Sanssouci	Beirut	Tuckum	Taschkent	Parma	Metz	Tilsit	Regensburg	Peterhof	Arensburg	Göttingen	Mexiko	Altenburg	Helvoet	Tunis	Gibraltar	Cettinje	Brünn	Teplitz	Walk	Leith	Havre	Belfast	Dessau	Cadix	Swinemünde	Rastatt	Kasan	Meiningen	Oporto	Ostende	Shanghai	Orenburg	Trier	Jena	Zante	Nauplia	Orel	Grangemouth	Ofen	Oesterreich	Gravenhaag	Teheran	Livadia	Malchin	Kissingen	Rustschuk	Zarskoje-Sselo	Saragossa	Philippopel	Brandenburgischen	Bayreuth	Helgoland	Twer	Olmütz	Baltischport	Boston	Konstanz	Worms	Texel	Tirnowo	Porto	Ssaratow	Graz	Polnische Grenze	Rotterdam	Hermannstadt	Gastein	Saarbrücken	Glasgow	Messina	Plymouth	Hapsal	Arbroath	Trapezunt	Newport	Linz	Speyer	Astrachan	Dirschau	Chur	Elbing	Cattaro	Galacz	Marienburg	Simla	Havanna	Manchester	Cuxhaven	Goldingen	Frankreich	Möttau	Lausanne	Lille	Kahira	Coblenz	Detmold	Gumbinnen	Niederrhein	San Francisco	Kaluga	Ischl	Veracruz	Southampton	Oger	Taganrog	Melbourne	Paderborn	Karlsbad	Smolensk	Rom	Gießen	Tschernigow	Jerusalem	Syra	Hadersleben	Ulm	Kreutzburg	Galatz	Lodz	Malaga	Witebsk	Erlangen	Wesel	Homburg	Sigmaringen	Coburg	Mecklenburg	Chicago	Abo	Ems	Wladimir	St. Gallen	Pillau	Brest	Gera	Tula	Lindau	Buenos Aires	Montevideo	Werro	Nishni-Nowgorod	Polangen	Osnabrück	Pensa	Bromberg	Woronesh	Marburg	Sellin	Tambow	Kostroma	Portsmouth	Damaskus	Minden	Macao	Schaffhausen	Pskow	San Sebastian	Santander	Ludwigsburg	Wittenberg	Newcastle	Nyborg	Poltawa	Lüneburg	Thorn
1802	23.61	23.29	17.09	14.74	24.81		47.21	2.0	22.67			25.75	15.2		11.75	29.67	26.08		10.0		44.5		35.5	19.17	19.41										21.56	25.0							22.0				22.0	18.0	32.67	33.33										18.0		31.5	35.0				24.67		35.0		28.33			30.0	25.2	16.0		21.5			22.0				23.5							39.0					40.0									25.0													21.0				45.0							15.0																							29.0		22.0						21.0	17.5			19.0																												23.0							84.0			22.4																				35.0		41.0																											8.0																								24.0		29.0																		39.5																																													25.0								41.0		
1803	22.6	25.12	14.57	12.49	24.56	42.25	46.38		21.88	20.0			16.5		10.75	25.0	25.2				50.0		35.0	22.78	20.25				44.67		18.2				22.0								21.0	23.0			31.0	21.0	34.2	33.86		20.0				14.0			15.0			29.5					24.25		32.0			22.0						19.33			21.0			18.0										28.0	19.0		33.5												22.0												43.0							30.0		15.5				62.0							6.0	21.0													21.25					36.0												24.0	18.0											19.0									22.57								55.5																								24.0															29.0																																		19.0																						37.0						28.5				44.0														31.0																														18.8	
1804	23.67	25.9	18.0	15.23	25.84	42.43	51.21	3.0	21.67	19.76		19.0	16.33		16.0	31.0	25.1		14.67	24.0	40.0		36.67	19.71	19.56		42.5	33.0	46.0		19.0		30.0		21.88		23.0	34.33	8.67	33.0	21.0		21.4				24.0	21.0	33.5	31.55			21.5					22.0		16.0		28.0	36.0				23.2		31.67		25.5							25.0							22.75												35.6			25.0						23.0																						36.0			64.0			64.0								18.0					13.0						31.0		21.5			20.0														50.0	19.14								57.0												22.0	66.5							54.0									44.67				28.0	33.0			73.67		25.0			34.0															17.0													21.0					42.0		17.0																																						37.43						22.5				45.06														34.0										54.0					39.0														39.0		
1805	23.79	25.81	19.97	12.35	25.72	38.22	53.05	2.67	21.0	19.08	80.0	23.67	17.14			29.0	27.0	23.5		34.0	38.33		36.5	19.62	20.67		50.0		49.2		19.63	24.0	45.5		21.72	25.33	22.0	32.0	41.0		22.85		21.0						33.0	32.85	23.33						27.75	20.0				29.0	34.62	36.0			24.0		36.86							15.0		22.33	33.0		22.0				24.56								22.5				38.86									22.44			23.75	25.0											42.5							38.0			54.5			112.0			28.0					19.0													22.25				26.0														18.0	24.33							38.5												22.9										29.0												43.0	28.0										17.5																									21.0					56.0						24.0																																		41.11						28.5				34.0		24.33	32.0														27.0																											19.0	21.0
1806	28.94	26.39	20.51	14.57	28.58	46.33	51.55	2.0		21.41		30.0	21.83		4.0		34.0	24.0	32.0		48.06			22.53	23.73				50.0		24.0	26.25	44.0		25.18		18.0	37.0	35.0		26.38		36.44				28.75		37.0	38.5	32.0	27.0				23.0		29.0	16.0	16.0			35.0		21.5		25.67		31.0					18.0	38.5	32.67								16.0	27.52				45.5											26.43						29.5			25.33												46.0			26.0				38.0		25.0	65.0			71.0			30.0			23.5		26.0									22.0				22.0			29.0	26.0			26.0			47.2								25.0	41.5							71.0												24.08			38.5							29.25								24.0							77.0		42.0						31.5										16.5	25.0						32.0								18.0					64.0						39.0																															21.0			44.71						27.0						28.33	27.33										34.5		30.0								21.0				37.0				26.0													26.0	
1807	37.37	48.94	28.4	16.46	46.52	43.5	67.45	4.08		35.26			33.0				51.0	40.67		39.75	55.2			40.33	34.14			80.5	59.0		31.0	54.0	69.5		50.2		29.0	40.0			43.25	28.0	48.2				16.5		45.67		49.33	91.0	40.0						38.5	36.5			56.0						44.0		50.0	26.0				39.5		29.0	35.0	64.0	23.8				58.5				60.0	52.0					38.4		58.0												33.67										25.71	45.5										35.91					37.0		32.0					31.67						31.0							22.0										58.0							38.0	47.75			74.0	72.0							41.0								35.0																																		38.0											71.0																																							32.0		39.0																		46.67						37.0																	18.5																															44.0	
1808	24.05	37.7	12.71	16.19	24.33	36.68	53.56	2.78	34.5	24.65	90.0	26.75	29.82			36.5	28.75	24.38		28.43	38.71		44.0	29.0	25.0		46.0	64.5	44.67		21.8		42.4		23.67		27.11		8.0	28.57	22.86	21.0	27.0		73.0	32.0	22.57	29.0	32.8	30.0	18.67		41.0				29.0	30.0	23.8	38.0		29.0			23.0		28.0		33.5		31.0	19.0		21.0	39.0	33.4		27.0	29.73	55.0	28.67			20.0	25.83					43.0							31.0						32.5						24.0					18.0					29.33									45.0		33.75				77.0			31.0					25.5	31.0								20.67							28.0														36.5	24.0	26.0			32.5				68.0										32.0					25.0							29.0																							23.0										18.0															38.0											33.5								28.0			50.0			33.0																				43.44													12.0						46.0													27.0				39.0																			
1809	23.6	30.88	13.18	10.88	26.95	39.89	57.5	3.67	26.0	21.38	57.0	24.64	19.8	36.0		32.0	32.2	20.65	54.0	26.0	41.36		43.0	20.54			64.0	52.0	63.0		18.0	23.75	37.33		21.59	23.0	20.88	23.0		47.0	20.93		22.35		69.0		22.0	25.0	32.67	40.0	24.0		24.29		33.0	23.4	23.29	30.0	16.0			29.0			19.0		24.8		33.0		30.0			24.33		15.0			31.05				67.0	17.0	23.86				25.0	48.17		35.0				33.0				26.0			29.5			35.0			23.44					20.25				32.0		34.0										18.75				117.0			26.17					23.0											33.5		25.0				27.44				34.0		19.5							29.0	18.75	26.0		40.0	20.0				83.0										29.0		27.8	19.5	25.0								30.0													31.0		61.2							31.33	26.67								43.0					23.5					17.0					30.0		26.25											32.0		72.33		26.0										37.0										25.0					108.0					34.57						24.33						25.5							25.0		52.5	25.0					24.0					44.0				36.0				34.0						24.0			24.86						
1810	23.13	29.48	13.62	12.66	24.51	41.92	56.14	5.0	22.5	19.0	58.0	25.82	15.89	32.0	20.0	29.67	28.3	20.52	31.22	23.69	36.5			20.06			44.8		41.33	30.0	20.29	26.25	35.5		21.73	24.0	20.67	25.4	5.33		26.3		21.81		52.0	29.5	26.4		30.38	32.83	18.0		21.67		34.5	23.0	25.0	30.0		19.0		32.0	35.0				25.0		32.0					23.33	30.0			29.67	31.77	52.0	26.17		25.0	20.33	24.0							42.0			20.0	35.33	34.0		50.0	27.0			36.0			23.0			24.67					18.0									27.0							19.43	57.0				30.5		24.5					20.4					14.0				25.0								25.75		23.0				21.5	14.0						25.5	19.5	25.0		54.0	23.0				47.0	29.0		18.0				10.5					25.33		34.0	23.0					54.0		46.0		26.0		26.0			49.5			39.5					59.0					31.67			25.75								49.0		22.0			19.0												21.0											30.0		45.5												28.5		32.5													43.5				34.25	41.44		23.0										27.0									29.0	25.0					25.0			34.0		35.89		32.0		32.0			30.0	24.0	27.0					25.0				18.0					
1811	21.93	29.19	14.0	13.29	22.97	51.0	57.45	1.88	22.67	22.25	63.86	25.11	17.35	35.5	14.5	30.25	25.94	22.5	24.0	27.33	38.55		35.67	20.69			41.0		47.5			24.0			23.0	23.33	19.0	26.56			28.75		22.62				19.38		31.44	34.33	18.0		24.8			42.0		27.0	17.0			28.2	35.5				24.0		43.67		28.33			26.0	30.67	30.67		19.0		79.0	22.0			20.0	23.46				25.0			30.0	15.0				38.0									21.0			23.5					18.5				32.0	36.0		42.0				26.0									110.5	45.0							19.0					23.0	26.0			27.0											26.0			27.57						26.0	25.0	18.0					37.0			34.0									29.0	25.0	29.0	31.0		43.0					96.5	47.0								18.0	53.6			35.0			25.0		42.33								21.0								87.0				37.0	25.38												20.0	37.0					33.0							45.5			26.0			24.0						29.0		25.0	25.0							29.75					42.5				28.75	42.0						26.5							27.0								29.0					30.0										34.5			32.5	28.0	27.0					25.33							34.67	23.0	
1812	28.41	37.67	16.11	10.85	25.5		64.5	3.68		21.07	74.0		19.0	31.0	13.5	31.0	49.33	27.0	20.0	27.0	40.12			22.2			40.0		60.25			25.5	41.0		22.0	36.33	18.5	19.4	5.67		27.44		22.12		69.0		29.0		35.5	43.0	70.0					19.0	20.33		27.0			26.0	39.0		16.0									24.0	29.25						22.0														21.0			6.0				57.5												15.0		95.0		28.0					31.94		45.0		107.0							64.0												107.0																				15.5						44.86	24.0				25.0																		18.0		75.0				56.0									64.0			36.5		57.0			39.5								24.0													19.29			70.0														46.0						38.0		42.0									31.0										24.5			28.33									27.0	43.0		28.0																	29.0		32.5					31.5		134.0						36.0		44.67			33.5	27.0						20.67				34.0			31.5		
1813	37.77	33.75	13.46	10.52	22.55			3.18	32.0	22.8		28.25	18.72				46.5	21.39	21.0	27.33				27.0			42.0			37.5	33.0				26.7	21.0	24.33	22.17	8.0		17.77	17.0	19.43				9.95			35.0	17.0					18.0	21.45		21.6	19.5					22.0		24.0								29.0	17.5				92.0							47.0		19.0						22.0					23.0									20.5					21.5									31.0	29.33																		22.0					14.0																		19.0	17.0						24.5	19.5	21.0			18.67							17.0														16.67											16.71				32.0								125.0		27.0																15.0																												14.0			22.0														21.0		21.0									27.0			29.0																	33.0			41.0	10.5		26.0									30.0						32.0									29.0	46.0				17.5	
1814	23.16	26.54	13.19	11.0	22.02	41.05		2.21	22.68	19.55		25.14	18.67	36.0		28.0	24.25	22.12		24.83	33.5			24.0	21.75				42.0		23.0	21.0			19.87	22.0	24.0	35.67	10.0		19.4	17.0	19.78	20.0			8.0		25.0	28.92	18.5		22.5			21.33			23.5	21.0		23.67	36.0								25.0				25.14	17.91		21.0	31.5	65.0	23.5			15.0		27.2		20.0	20.33				15.0		18.0		38.25		44.0							22.0			16.0			24.33		17.0			28.33			28.0				21.0	24.67					16.25							19.0		28.0			30.0									26.0			21.0							21.67				18.0							23.33	23.0				25.0							22.0	30.0																									11.0									22.0							21.0										18.0																																										27.25						21.0											27.0	36.5												26.0									33.0					33.0																	35.0							30.0					
1815	22.75	23.22	13.81	11.67	21.42	41.83	53.5	1.15	21.33	19.0		23.5	15.4	30.5			26.5	21.21		22.7	39.0		28.0	42.0	19.45				42.0		19.67	23.0	34.0		18.84	21.5	18.5	24.5			23.5		19.68	20.0			13.0		29.38	30.22	19.5		19.0		31.0	23.0	23.5			18.0		23.92	33.17				23.5		28.5		27.0				26.25			22.0			19.0					25.5	41.0	20.0	21.0		28.0						36.75			22.5			31.0		44.0	20.25			21.0			22.83						32.0			38.0			20.5	19.67			38.0		16.75				54.0			22.86						34.0									32.0	30.0	19.75	22.5						22.29				19.0								20.0	20.0					19.0		38.0																			61.0										50.33			31.0			24.0							31.0			24.5										19.0						59.0		17.0							18.0																									23.29								20.1												38.2												22.0	22.75						29.0			26.0														33.0									28.0										
1816	22.35	22.2	16.1	11.08	22.85	35.67	52.22	2.04	23.06	18.73	57.0	23.88	16.0				30.0	21.5	23.0	30.33	40.5			19.33	39.56			52.0	32.5		19.0	22.27			19.38		21.0	20.75	10.0		14.0		20.27		53.0		22.0	22.0	29.5	29.68	22.0				32.0			21.5				24.62	34.67				25.0				25.5				28.0			22.0									28.0		19.5			29.0											32.0									21.0		16.0						26.5					78.0					19.64	49.0				35.0												27.0							19.0	21.0						18.5	21.75			22.67	14.0											23.0																																	43.0																23.8										18.0																												38.0												31.0								22.0		24.0								16.0		36.67		23.0														6.0						26.0				21.0										36.0																			
1817	22.37	22.43	16.86	11.62	22.59	39.14	48.22	1.8	20.59	18.43	53.2	23.2	15.62	30.33			25.9	22.67	14.0	24.33	34.5		38.0	18.0	19.2				40.0		19.67	22.41			18.93	23.5	20.0	18.67	8.0			16.0	19.66		69.0			23.0	37.0	30.08		32.0			31.5	25.0	23.0	25.0		17.0		24.88	30.0				40.5											19.33		42.0	23.0					28.0	31.0										38.0			27.0			50.0	22.0		22.5				29.0		23.0		17.0															23.0	17.92	68.33			47.0	39.0					27.0		18.0	36.5										32.0		20.5						19.0				22.22							27.0					23.0		20.0		29.0												35.0								40.0								17.0				25.0							20.0						23.33										19.2						57.0																															25.0					27.0	25.0																	37.38																								28.5																					28.0										
1818	22.28	21.96	15.03	11.45	22.73	35.86	51.6	1.45	20.16	18.25	52.33	23.67	15.53	35.0			24.35	20.75		27.33	46.0		33.0	19.33	19.2			43.0	41.0		18.45	23.38			18.88	24.0	23.75	21.4	9.0				20.04	19.0	59.8		21.6		33.0	30.2	19.75		24.0	46.0	29.0	21.5	25.5	24.67		16.0		25.17	35.0				24.0									18.0											28.75	21.0	22.0						18.0											24.0				25.0				13.0											19.93					15.0	53.25			57.5								18.0																	24.5						19.67	18.0						32.0	18.0																																					40.5									29.0	25.0						22.6										17.83																											22.0																					18.25										23.0		37.88																																	21.0			35.0							19.0											16.0	
1819	21.74	21.72	16.5	11.87	23.56	34.84	52.89	1.87	19.15	18.5	52.0	22.47	15.29	32.5			24.48	21.75		24.0	44.33		32.0		18.75		38.0	82.0	42.0		19.14	22.5			18.52	21.83		19.5			29.0	16.0	19.73	19.0				24.0	35.0	30.67		21.0			31.0	23.0		26.0		16.0		22.0	35.0	22.67			27.0		36.0	150.0	24.0					19.0		23.0									26.17		18.0													49.0				23.5		56.0	22.0							46.0	26.0								23.5					16.33				54.0							3.0	21.0													20.5						21.0				22.14									24.0			20.0							18.0												21.0				76.0									16.0	44.0										25.67						22.44				27.0						17.86	22.0					57.0									18.0																																	23.0									34.0			35.57																																																	19.5						
1820	20.99	22.1	13.67	15.33	21.35	32.23	49.64	1.4	19.58	19.25	50.75	25.0	15.6				24.09	22.5		25.0	37.27		32.0	20.0	18.77				37.54		18.0	20.25	28.0		18.6	22.33	17.5	20.5			22.0		17.0		53.0	10.0	23.0	23.5	37.0	29.27	17.0								17.0		23.0	24.0														17.0			28.0			38.0				26.0	27.0	18.0			30.67				19.0		32.5						26.0													42.0														19.0				49.0	41.0			37.0														29.0													22.0									25.0																						20.0					40.0									40.33					36.5											24.0										18.0						53.0					35.0									45.0																												21.0												35.5																				25.0									108.0																										
1821	22.05	21.59	15.14	13.29	22.56	31.76	46.55	3.5	19.4	19.0	49.0	17.0	15.75	27.83			24.75	21.0		26.83	36.33		36.0	19.0	20.0		27.92	52.0	37.75		18.43	22.0	31.2		19.03		20.33				22.33		20.62	19.0	64.0				28.5	27.73		18.74			31.33					16.0		41.5	32.0	22.0					32.0										28.0	48.5							27.0		19.67	32.5	27.33	33.0		24.75	32.5		34.67											44.0	23.0																										37.0		31.5															28.75	25.0												23.0				25.0																																44.0																				45.4					25.0																										34.67				49.0												31.0																21.0												33.82																				24.0								84.0																						24.5					
1822	20.27	20.18	15.62	15.88	20.41	30.63	42.38	1.67	18.71	18.5	47.4	21.83	13.43	35.0			21.43	20.0		23.0	36.67			18.0	20.0		24.9	40.0	38.32		13.67	20.67	27.67		17.39	17.0	21.0	23.0					20.12		50.0					27.18		20.07		69.5	31.0		20.0	28.0	21.0				33.0						32.0			17.0			25.0				26.0	42.83	17.0				22.0		31.0			29.9	25.83						31.77											42.73	24.0					21.0			23.0			27.62		27.0		26.0						23.5	63.0				34.33		23.86						33.0			54.0						27.4							21.0											1.0																										20.0	119.0			50.0	41.5																				46.67																																																			63.0																								36.62																																																							
1823	18.12	19.69	13.94	14.59	21.36	25.84	45.03	3.67	18.69	20.0	45.0	19.2	13.55		6.0	30.0	23.4	25.0		23.0					18.0		23.67	44.0	40.64			18.0	29.46		15.26		15.0		7.0		18.0		19.1		52.0				27.0	24.74		17.54		108.0	32.0							18.0									23.0							30.0	26.3	47.3							25.0			30.4	28.0						29.5						22.0					56.0																						11.0	67.0			63.0	33.0		27.0						27.62			51.0						23.65																																																	35.0									25.57											36.33													21.0																27.0		34.0					25.0															75.0																						25.0		30.67																								29.0																	21.0		15.0												
1824	17.74	20.43	15.2	12.14	20.11	27.07	45.54	1.5	18.5	21.67	48.0		15.0				23.0	18.67		29.0	35.0			15.0	18.0	95.0	28.67	38.5	33.65				29.62		16.67				14.0		17.0		21.2							24.87		20.75		73.5	28.2		25.0				18.0	19.0	36.0				20.0		39.0						22.0				25.83	48.67								21.5	19.0	29.25			19.0				28.0									22.0		45.5							30.0															14.0	44.0				30.0		26.0						28.5			49.0						21.82													16.0		41.0							19.0					18.0																		86.0			82.0	41.67									40.0											42.44	41.0												36.0																												30.0										49.0												27.0												32.67				64.5								24.0																													20.0		16.0												
1825	18.37	20.08	15.0	31.67	19.3	28.22	45.23	1.83	17.0	19.4	48.6	17.5	14.2	28.0			22.43	17.0			33.25		31.0	19.0	21.0		25.43	35.0	36.71		13.0		29.25		17.0						22.0		16.57				20.67		25.0	25.21		17.91		77.5	29.67					14.0		17.0	28.5					108.0			23.0			17.5				19.0	28.0	42.41							25.0			32.25			15.5				29.0											44.33	18.0						33.0		31.0		18.0						18.0					14.8	49.5																		11.0			21.0													17.0		39.5																	23.0													117.0			41.0	37.0		22.0							37.3											41.3	49.5																																								30.0																																		30.0				50.0																								85.5																											
1826	18.06	19.58	14.92	8.78	18.07	28.62	42.63	2.23	17.83	17.5	47.33	18.67	11.5				22.73	28.0		15.0	39.0		27.0		17.67	86.0	24.5	34.0	32.54		29.5		26.4					19.17			16.5		16.0							25.67		16.32		76.0	29.0			15.0				16.62							37.0										26.0	45.33				20.0						28.0							29.4											47.64							25.5															14.0				51.0												41.0															23.0				15.0		25.0																													19.0	61.0													45.0					30.0						37.11	59.0																																																			20.0																		26.0					28.95				51.25																								110.0																											
1827	18.69	19.59	12.5	8.11	18.3	29.15	42.25	1.83	17.5	18.0		20.0	11.0				20.09	16.5		87.0			29.0	15.67			26.17	34.0	34.03		14.0		24.5					16.0												22.0		9.67			28.5		16.0			15.5			24.0				20.0																			24.0							12.0		15.0							49.0						47.5						13.0	27.3			25.0												13.5					33.0								25.67									26.0	20.0																								14.0					25.0																			43.0												47.0																																		34.0									34.0								48.0																																24.17																												93.0																											
1828	16.26	17.24	14.55	6.2	17.19	26.33	38.11	16.12	15.89	13.25	42.33	14.33	12.17				18.27	13.67	8.0	17.71	28.5		25.0	24.0	14.2		16.38	32.44	31.69		16.0		21.64		13.5	17.0		16.5		16.67	15.0		15.29							20.31		10.98		59.0	22.67			26.0	10.0			15.67														13.0		16.0	21.0	34.14					15.67	20.12	21.5		23.0	23.4		28.0					25.6		25.0	11.0		31.38			30.0			40.25	17.0						28.18			23.88			23.5									11.0	75.5				27.8		20.25									45.0						31.67															29.5												17.0																		101.0				33.29						18.0			33.67					29.5						25.0																										37.0				11.0	28.0					21.0																											19.0												22.47		20.0		52.5																																											21.0		15.0						
1829	15.01	16.04	11.24	5.79	16.71	25.51	36.82	1.53	14.9	14.07	43.89	16.62	10.0	29.0	7.0		17.36	14.5		13.68	32.25		24.5	17.0	13.0		17.61	29.94	31.0			13.0	20.79		15.0			17.33		20.25	11.0		13.25	13.5		5.33	14.0			19.15	13.0	10.55		62.0	22.0			12.67				16.62	23.5	13.0					36.0					12.0			1.75	14.0	21.0	37.4	11.5				15.0	20.0	18.0			24.83			9.0				22.75		19.0	15.67		31.65						35.1	14.0						25.0			52.57									89.67			15.67					27.89		19.25					15.0	22.0	14.08								22.5								22.83				28.0			30.29																																		43.33																																																																				33.0																											24.06				26.0																						11.0															19.0														
1830	15.6	15.8	10.72	6.11	15.94	26.43	40.02	1.0	13.94	15.24	51.38	22.3	10.73			19.0	17.92	14.17		12.7	28.33		26.0	12.86	13.16		20.18	29.5	32.4		13.75	16.0	21.93		14.14	16.5	14.0	16.33		13.62	26.0		15.25					14.0		29.3	17.0	11.69	14.44	58.83	25.0			11.0				16.45	23.5				14.0		28.0		19.0			11.5		11.0		18.0	22.0	33.91						22.67		18.0	13.33	26.0			10.0		11.0		23.57		21.67			55.71						41.0	13.0			16.0						21.5									75.0			10.38	29.5				25.73		19.0					14.5	23.0	15.75				19.0				21.6	22.0	14.71	14.0	13.0				22.75	21.0	12.0					31.0	17.0			22.5		18.0																												39.0																					41.0														12.0															13.25													71.0														19.0			21.0										27.0					33.46				35.0																								118.0																	15.33										
1831	15.45	15.09	9.51	5.45	14.96	25.39	40.03	1.8	14.35	16.71	44.71	14.5	10.8	21.0		17.75	18.75	14.25		14.48	32.46		20.2	16.82	13.64	55.0	25.71	34.8	30.6		11.4	18.0	21.18		18.0	19.67	16.17	15.0	4.0	14.27	15.0		14.0	14.0		8.4	13.75		25.0	19.29		15.25	14.93	59.0	21.0	11.0	19.0			12.0		19.94			10.5		15.91		24.29						19.0	12.0		19.0	21.75									14.0	12.8	25.5				21.0	13.0		23.83				13.0	40.0	25.0					44.0		12.0		30.25		20.0		40.0		23.43	9.0	31.0	25.0		34.0		14.5		88.0	23.86	18.17	14.55	30.29											13.0		11.5		60.0								14.28	14.0	17.0					22.0				13.5			21.0									17.0				26.0				16.0					24.5	23.0	15.0				17.33																				16.0		24.0				39.8				24.5																									18.0																											10.0																		23.04		18.0		52.5											17.5									21.0								3.0											29.0		14.62										
1832	15.03	14.91	12.5	6.69	17.63	24.97	35.0	4.73	13.95	15.25	56.0	14.44	10.5	31.33	6.5	19.0	17.11	16.0		13.65	26.33		19.5	13.6	13.34		18.5		29.28				20.56		15.0	16.0	13.5	16.5		14.0	18.0		14.75			12.0	16.0		19.89	17.2		10.38	14.57	58.75	24.0	18.0		11.67		13.0		21.75	33.0		9.0		17.5		20.0		21.0				16.0	274.0		22.25	19.0	31.0				10.0					13.2	26.0					12.0		22.75					47.0	18.0			13.0				11.5		15.0			23.0		52.0	19.67									88.5	20.92		10.6	33.2				21.58								21.0	16.67			16.0					22.0	35.0	13.14	18.0	14.5						13.0	27.0		16.0				22.75												22.0				19.0											25.0																			25.5							42.0																									21.0							14.0		29.0								60.0			15.0									22.0		18.0			16.0										38.0					21.13																																													14.5										
1833	14.38	14.2	9.79	6.4	15.13	24.27	34.49	4.31	13.18	16.5	42.0	14.38	9.88	19.67		14.75	17.0	12.33	21.0	11.79	26.44		20.0	14.0	13.0		20.62	40.0	28.38			43.5	19.23		19.0	14.0	6.0	13.0	14.0	14.17	14.0		14.0		34.0	12.25		15.25	18.0	18.62		14.08	14.12	65.67		27.0	15.83	10.0		23.0		14.88	30.0				13.33		17.0		18.19			10.0	14.67	10.5		13.0	21.67	38.25			18.0	12.25		20.0			13.4	36.5								25.0		17.0		43.0											168.0		25.0		16.5				24.0				14.0		85.5	24.0	14.5	10.4	41.0				24.5									12.0			13.0								12.0	16.33					20.0				10.43				18.0													17.0			15.0										22.0																				24.5	15.0		29.0		13.0		36.3	19.0											22.0													24.77																15.0																17.0									68.0							15.0	18.29				52.0																		17.5												25.0					25.0						15.0										22.0
1834	13.65	13.44	8.91	5.42	21.1	22.77	34.21	4.67	12.23	15.17	41.92	13.4	10.19	19.56	5.5	15.6	18.21	10.38	21.0	12.11	25.25		22.0	11.5	13.81		27.58	36.5	28.87		11.8	14.53	17.6			13.0	11.5	13.5	7.75	12.0	15.5	10.0	10.0		36.0	4.0		12.75	18.33	22.0	17.0	12.4	12.62	46.33	22.0	12.5	15.0	10.5	11.33	13.0		15.29	21.0		9.0		15.0		18.5	129.0	15.94			10.0	16.62			12.33	16.0	49.0		13.0	13.67	9.6	17.0	23.0			18.6									15.5	15.0		11.0									13.0		13.0			22.0		13.0	20.0			18.5			11.5			80.5	18.0	13.5	9.0	39.0			60.0	23.5												12.0						15.0	12.0													58.0		20.0			14.0		17.0					10.0						14.0											13.0								28.0	6.0				25.0				41.0	18.0				47.0	12.0			35.05	12.0															15.0	17.0								27.5																13.0			17.67														68.0						28.0		83.0								21.48						21.0																				22.0										29.0																			
1835	13.55	14.6	8.84	5.04	14.16	22.98	32.89	1.81	17.38	14.6	37.83	15.69	9.25	32.0	5.67	15.22	18.42	9.91	5.5	12.78	27.43			15.5	12.49	46.31	18.67	34.0	25.76		11.5	12.25	33.5			33.25	17.5	18.5	5.0	16.09	12.2	11.0	12.38		43.0	5.0		10.5	16.5			15.2	60.0	62.67			13.5	9.75	9.0	13.67			32.0						22.0		15.25				14.8			12.75		28.25	12.67		17.5	6.0	13.67	14.0	19.0		35.5	21.0		16.0			11.0		21.0	6.0	21.0	13.0		41.0				12.0				14.0			217.0		21.0	32.0	14.0	18.0									120.0				46.0																17.0						21.0		10.0																			12.0		20.0																			24.0									13.55			17.0															34.0						54.0																																			13.0											14.0						63.0																25.5						14.0									14.0	26.0								18.5																								21.0							
1836	16.18	15.6	10.56	5.74	14.29	22.81	33.63	3.44	13.78	14.9	40.3	13.04	11.05	18.29	6.21	17.5	15.32	10.0	15.67	11.96	24.19		25.0	11.33	14.6	36.27	19.36		25.96		11.38	18.9	19.5			13.88		14.75	11.2	12.33	15.2	14.67	11.24	10.0	102.75			31.25	15.25				13.0	44.0	21.5		13.36	10.71	10.0	11.25			18.5	12.67			12.6		18.67		20.41				14.0	13.0	1.0	12.0	17.5	47.75			15.5	8.67	14.0	18.5	19.0		12.5				20.0		11.0	23.0	20.0	13.0	15.0	14.0	12.0					12.0			12.33	17.25					21.33		22.0	20.0		18.0	17.0			12.0		14.0	75.0								19.0								18.0			52.0							17.0	12.5		29.0	15.0										28.0					14.0									18.5									17.0					21.0	11.0								11.33			20.0													10.5		42.0												18.0																	12.0													25.0		18.0								12.0						81.0								86.0								22.65																				11.0		14.0											12.0	40.0														20.0							
1837	13.65	13.68	10.91	5.04	13.95	22.05	33.87	5.63	12.65	20.33	41.62	12.97	10.79	20.0	9.91	19.33	14.67	10.62	15.0	10.86	22.27		18.5	13.0	12.71	30.82	21.63	25.5	27.91		10.58	14.2	18.75	13.0	17.5	20.0	11.0	15.33	12.0	13.0	10.5	14.0	9.88	12.0		8.0	22.5	12.5						52.11			19.0	13.67		13.0			18.0				13.29				15.33				15.33	9.0	1.0	15.75		23.25				10.0	9.0		18.0		13.25	25.0		19.5			11.0		27.0	19.0		17.0	11.0			16.0				37.0							28.0										24.0					9.0	25.25			38.33	20.0									13.0		45.0					17.0		19.5			19.0	15.5	24.0			16.0					16.0				15.0		13.0													15.0								12.0			13.25								10.0			23.0																											19.0			11.0																			25.0																						18.0		96.0				41.0												20.64																						15.0		15.0																			18.0					33.0							
1838	12.95	13.47	10.41	7.74	13.71	21.12	31.79	2.89	12.84	15.45	35.84	13.08	9.75	18.67	5.42	14.78	15.02	12.19	13.29	12.08	24.06		17.67	15.75	13.04	28.0	19.72	43.33	21.04		12.74	12.44	18.6		14.5	13.14	11.33	60.5	11.29	10.0	8.5	13.4	12.75	11.17	45.0	8.5	12.0	11.0	15.93		10.4		12.5	37.36	19.0	13.5	10.33	13.21	12.0	11.67		14.0	23.0	11.0	9.33				18.25		15.14			10.0	14.11	10.0	3.0		16.5	19.4	12.0		14.0	7.67	11.75	16.75	18.86		11.0		19.67		7.25				18.0	13.0		11.0			12.0						11.0	43.0				10.0			14.0	19.33	14.0	21.0		17.5	30.0	13.0	22.0		81.0	18.0			29.0				18.0									9.0										13.33							21.0	24.0						15.5													16.0			15.0	15.0							10.0				18.33								22.78					8.0		10.67																						31.0	18.8									13.0									26.0				30.0																						12.0		51.0	12.4	13.67		18.5				63.33						13.0	25.0	21.26																																46.0											22.0				20.0								
1839	11.32	12.41	11.94	6.97	12.35	19.74	28.76	3.0	11.6	12.65	39.62	12.67	9.06	17.4	3.38	15.0	14.75	14.0	125.33	11.41	23.11		20.2	11.05	10.74	28.54	21.18	26.0	18.88		11.37	10.87	15.86			11.0		15.0	7.0	8.5	9.64	16.0	12.0	7.17		9.8	10.0	9.12	15.75		8.67	8.0	14.0	34.07	15.25	18.33		8.22	8.0	11.0				17.75	8.0			45.0			12.67				12.75			9.0	15.25	15.0	11.67		19.0	7.75	14.0	16.0	17.33		10.44	36.0		15.0			8.0		18.5		69.67			29.0	13.0	17.0					10.0	9.5		11.0			20.5			25.75	15.0				29.5	13.67	17.0			21.0			21.29						18.5	7.0	21.5					8.4									13.0	12.0					17.0	14.0		19.0					24.0					23.0		15.0							13.0			16.0	15.0		35.0					11.0	16.0		15.0	24.0	60.0			57.0							10.0											26.33															45.0	17.3					22.0																									47.0			12.0			16.0					30.0			14.0		39.0	9.0	23.0									39.0					20.05			70.0			12.0								11.0							19.0	12.0														19.0				15.0			15.0												
1840	10.66	11.03	8.65	5.85	12.09	18.35	27.84	6.95	11.47	10.87	30.38	11.0	8.33	16.5	9.88		15.48	9.6	14.67	13.68	19.26		17.75	9.73	9.63	25.61	22.0	30.0	20.2		8.22	9.33	16.0				9.0	15.5	10.0	10.5	8.31	11.25		5.0		8.25	9.14	9.53	15.67		7.67	9.17	12.0	31.17	13.75		8.0	9.0		10.0		13.0		11.4	7.0		17.0			59.0	13.25			8.5		10.0		26.5	14.2	15.5	16.0		13.0	7.0	10.5	17.5		10.5	10.0				5.0			38.0	19.0	15.0		11.0									9.0	9.0			95.0		18.5			17.71									68.0				19.2													7.0		24.0							18.0	8.5	9.0			18.0	14.0			8.5				57.0		13.0	15.0	15.0											26.0						24.25			17.0			14.0		12.33	14.0	68.0				29.0						12.0			21.0	9.33																	68.0					103.0	17.4					15.0																																									39.0	13.0															18.48												10.0								12.75				13.0		32.0																	14.0	133.6			17.0								12.0
1841	11.01	11.24	9.93	6.12	11.57	17.79	27.28	3.12	10.67	11.28	30.26	10.96	10.57	17.33	10.27	14.12	15.33	10.25	17.8	15.44	21.44		16.75	9.67	10.47	27.62	18.88		19.65		9.77	10.67	15.88		17.0	11.33	13.5	14.75	12.4	8.67	8.4	11.0	10.56	9.9			10.25	10.18	16.0		8.17	8.17		31.36	15.8	22.0	10.8	10.31	8.0	13.14		16.67		10.33	10.0		11.67	49.0	17.0	48.85	12.67				12.5			13.5	12.33	17.75	8.5		11.33	10.0	10.5	15.33	19.12	10.0	10.75		16.0	14.0			8.0		15.0	12.0		12.0	11.0	39.0				14.5		22.0	10.0	12.0			66.0	16.0	17.5	24.0	13.0	14.3	15.6					8.0					14.0		21.5				18.5				9.0			12.0		9.0		19.8			8.0					10.0								14.0				9.0				7.67								5.0			20.0				13.0		29.75					14.0	12.0	28.5	14.5	10.0	69.0							11.67																													16.67																		10.0																8.0											13.0	20.0	38.0		11.67	15.0													19.37						14.0								10.0						10.5								100.5	86.5															103.64											12.0
1842	10.94	13.42	10.91	5.7	12.08	17.58	26.6	6.5	10.72	10.95	32.81	13.28	8.87	18.0	7.64	14.5	16.23	9.25	15.4	10.81	25.58		18.2	16.6	10.58	25.0	20.0	25.0	19.73		8.89	12.0	15.0			12.0	10.0	13.0	8.71	7.75	7.7	18.0	11.0	9.89		13.0	9.8	9.5			7.0	6.3	11.0	29.77	15.0	11.0	12.25	7.88	9.0	11.5	10.0			11.0	7.33		10.0	36.0	17.0	50.0	13.0			7.0	14.33	24.0	1.0	13.0	14.0	17.75	8.14		16.0	9.0	10.0	16.0	18.67	10.5	12.0	20.2			10.67		7.67			10.67					13.0						17.0	12.0			62.33	5.0	17.18	23.0			8.0		22.0	13.0		8.6					13.25		16.0			34.0	19.0				12.0		7.8		13.25	6.25		50.0								10.5					27.0			8.0					24.0	16.5	20.0	1.0											19.0			12.0			24.75						10.0	18.5		9.0	60.0	8.8						21.0									19.0			11.0			10.0	12.0													34.5																																10.5		9.0						10.0									10.0	15.0					57.0			25.0					19.0	13.0		32.0					24.0																					76.0										45.0			20.0		106.75											
1843	10.89	11.18	9.58	5.47	12.4	17.15	26.05	5.81	10.25	12.58	34.24	11.07	9.05	20.0	8.2	13.5	16.41	9.96	16.12	12.0	21.48		20.33	11.0	11.05	23.79	34.0	24.25	20.39		10.07	10.8	16.18		14.5	10.67	12.0	15.5	6.43	7.14	10.0	10.25	8.0	9.33		31.5	8.64	9.83	13.6		10.25	7.2	10.5	32.41	14.0		11.0	8.4		12.5			17.0	12.5	8.82		11.0	50.0	14.0	47.8	13.11				12.5	12.91	1.5	18.0	11.5	15.5	8.17			9.0		13.25	18.0	9.5	11.5	18.67	21.0		8.0	14.0	9.75		27.0	9.5	16.0	9.75	12.0	30.0		12.0	27.0	11.0		37.0	11.67	9.0			71.5		16.58	23.2			18.0			28.0		13.0	15.0				13.0		22.25			61.0	21.0		16.0		13.0				11.5	4.78					7.0		12.0			10.0	10.0						12.5							18.5		8.33		18.0							9.0		21.0	11.0			13.33	7.0				22.0		12.0		24.0	15.0		64.0			33.0	24.0								10.0		8.0					10.0			12.0	11.67											11.0			19.0				9.0																				18.0							10.67	13.0	13.0			9.0				12.0	65.0					34.2		12.0	10.0													18.65			25.0			15.0						12.33											10.5					101.0	83.0	12.0							10.0					29.0		95.57										8.0	
1844	10.61	10.89	9.16	4.65	11.34	16.15	25.84	6.07	10.44	11.6	33.33	11.94	9.32	16.56	18.33	20.75	14.2	8.2	16.0	10.92	21.31		15.71		10.78	24.0	31.0	31.5	19.59		10.12	11.71	15.9		12.33	10.75	11.0	19.5	12.0	4.67	10.88	11.75	8.55	11.0	31.0	13.33	9.91	10.0	20.0	21.0	9.3	7.04		30.62	20.0	16.0	12.14	19.5	9.5	9.5				10.0	8.5		14.5	38.0	18.0	58.75	10.0			8.0	11.0	8.38	1.0	10.75		22.67	9.0		16.0	9.33		18.0	14.83	11.14	12.33	23.0	19.0		6.75	12.75			18.33	5.0		10.5	9.0			13.0	28.0	8.0			25.5	13.5				11.0	15.4	25.5		15.0			9.0	8.25		10.4	12.5						20.4	10.0			16.5							7.0		2.0		22.67			3.0									10.0			13.0	14.0	19.0				21.67			15.0		14.33					10.5		13.5		32.0	13.33			44.0		24.33					9.0	14.0		9.0	13.0		7.0		43.0					29.0					21.0	9.0		31.0						9.0												15.0			20.0									16.0					26.0																	10.4		9.33	7.0				42.0						11.0		40.0								65.0						13.0		18.69	15.0					11.0													28.0			13.0		16.0						11.0			11.0		14.0																				
1845	10.8	11.17	10.56	5.3	12.67	16.8	25.76	7.45	10.3	11.81	35.0	12.14	10.85	18.43	16.2		14.94	10.09	10.5	15.4	22.0		18.33	9.75	11.32	24.81	21.5		20.0		9.87	11.35	15.5		13.0	10.2	10.5	17.0	5.38		10.28	11.0	10.19	11.2	35.0	7.33	12.38	13.0	13.0	18.0	10.15	7.67		29.43	16.5	12.5	13.0	10.4		14.14				10.5	10.0		12.0	41.0	15.0		12.43			6.0	11.48	12.6	1.5	14.0		14.0	9.25	15.0	14.67	9.5	16.0		15.8	10.33	10.33		17.5		6.4	16.25	10.33		22.0	7.33	12.0	10.5	9.5	40.33			22.0	11.33			13.2	8.0			140.0	7.4		23.22		44.0	14.0	17.0		11.12		9.75	9.33						19.33		4.0		20.0		20.0		12.0							18.0		12.0	18.0				13.0				10.0				13.67	7.75	26.0		9.0			15.0		12.0				9.0			10.5		7.5	13.0	21.0				12.5	5.0	20.33					6.5	9.0							33.0				13.0							6.33		32.5						15.2	15.0						10.0		38.0						15.5				14.0					14.0					32.5												36.0			9.0	40.0											19.0								11.0				13.0						12.0			18.77						10.0											12.0											92.0	82.0						17.5		13.0					34.0								9.0					15.0
1846	10.25	10.69	11.4	5.16	10.82	15.77	23.14	6.42	10.21	10.47	27.33	12.0	9.42	16.0	6.4	15.33	17.33	9.36	11.0	9.95	20.37		17.0	9.67	9.9	23.5	17.4		20.35		8.09	10.33	18.0		11.75	10.06	9.4	16.33	11.36	8.0	11.43	10.88	9.29	11.68	27.0	6.0	11.07	9.75	21.0	15.5	10.22	6.0	11.0	27.0	16.5	10.24	12.0	8.5	10.67	9.22	16.0		16.6	9.75	11.67		15.0		15.29	49.0	11.25			13.0	10.82	9.67	2.0	11.5		18.0	9.17	9.62		12.5	15.0	12.5	29.0	9.1	6.67		19.67		5.8		10.0		18.67	5.0		15.5	13.5	27.17	21.0			10.5			9.0	10.89				6.0	21.0	24.5		15.0			14.33	10.25		8.67	10.22			18.0			16.5		13.5		16.0									4.67			17.0											7.0	11.0			10.0						11.0	19.0	29.0	21.0						8.0		10.25	9.0	34.5				12.5		32.0										58.0	7.0			21.0								7.5									48.0								8.0					14.0							15.0						5.0							19.0									28.5		16.0			9.0	15.0												11.0	18.0		12.0	8.33											16.0			17.61		40.0	65.0			14.5																							61.0						17.0				37.0		15.0									6.5					12.5
1847	12.26	11.92	10.39	5.28	11.02	15.11	22.1	4.16	9.89	11.0	34.5	10.6	20.09	16.05	8.67	10.87	13.33	8.59	14.5	10.85	20.4		15.71	10.5	9.59	21.83	19.0	26.0	18.45		7.9	10.75	18.67		11.67	10.42	8.92	21.86	14.0		11.85	8.91	8.79	9.42		11.25	10.91	8.27	13.83		9.48	7.5	11.0	26.75		9.8	13.6	8.33	11.0	9.35	9.0	10.0	18.0		13.37		12.5		13.43		11.12				9.86	7.6	1.17	13.67	14.0		10.5	12.5	20.0	11.0		16.0		9.86	14.0		12.25	19.0	6.33	13.0	7.33		17.2	14.0		15.67		34.67				10.0			9.25	10.23				8.21	16.33	22.75	10.4		11.0	16.0	16.67			11.0	11.25			17.5							17.0		17.0				16.5					25.0												13.0	13.0		12.17	10.4	17.0		23.0		20.0	12.0	16.5					11.0			8.57		10.2	9.0	25.2	9.0			11.0	68.0	17.67			13.67				31.0											44.0		9.0		6.0									74.0		15.0											9.0												12.5																				41.5				11.5			10.0								15.0				9.0					12.0									17.94	15.0		29.0			10.0						12.0	12.0								25.0							60.0										33.0					15.0							6.0					
1848	8.78	9.14	5.83	5.03	8.35	14.11	24.76	9.23	7.87	8.96	38.38	9.38	6.26	14.67	12.07	10.54	11.75	7.56	11.83	7.0	19.14		15.97	9.0	8.92	22.4	21.0	21.5	20.0		7.96	10.31	11.62		9.6	8.16	8.3	29.0	6.0		8.79	6.86	7.85	7.62		2.0	8.45	10.0	13.7		7.07	3.0		27.0	10.0	7.23	9.52	7.82	6.08	8.23		12.0	15.52	9.0	6.74		10.07		14.69		10.33	6.43	6.88	12.67	9.55	6.58	1.0	8.93		6.0	9.29	7.02	5.5	11.0	10.0	10.0	15.0	9.43	8.62	16.0	13.88	35.0	5.6	10.0	8.0	35.0	17.62	6.6	12.0	8.0	9.0	41.0	11.0	7.0		8.41		17.0	10.0	8.42				6.8		23.09	9.42	13.0		11.8	14.86	10.33	18.0	7.38	8.67			16.25	17.0				8.5					8.0	12.0	10.33	16.0	8.33				49.0	13.0				5.0		12.25	6.0	8.0				12.75		12.0	8.4					27.0	12.63	17.2			11.0	9.0	11.5			8.86				12.5	10.89		7.67	12.0					18.8			9.0	9.0		10.75		7.5					9.0						6.5		6.14	9.0	27.0	13.0					8.75	12.0			19.0		12.0								15.5					8.0		9.78			10.5								9.5	22.67				16.0										11.33	9.0		19.0					6.0				12.0	10.0	25.67	7.0							40.0								17.53					8.5	9.67							9.0	12.0	10.17	12.0					22.0	13.0	10.0		11.0						30.0		12.0		10.0																				
1849	7.98	9.04	5.79	8.0	7.85	14.25	21.25	17.43	8.38	10.83	26.43	9.34	7.44	12.66	6.0	10.77	12.8	7.44	17.5	7.24	18.97		14.68	8.0	7.88	22.71	21.0	23.0	15.6		7.03	8.89	10.6		10.0	8.34	8.67	17.67	4.0	9.5	8.0	6.69	8.4	8.5	30.0	6.5	11.12	7.81	12.48		10.24			23.0	12.0	8.33	8.85	9.67	5.63	7.5	10.0		14.94	9.4	6.69		9.84		17.88	45.75	9.77	7.2	7.43	9.62	9.36	10.09	1.54	8.4		4.0	8.14	7.23	12.5	11.89	7.0	10.0		8.5	8.57	12.53	10.75	45.0	6.2		6.67		16.31	35.0	10.36	9.25	9.0	29.5		8.8		8.35		16.0	9.57	10.14				8.0		25.56	9.95			14.6	12.6	9.5		6.86	7.75			15.67					9.0		23.0				8.0	8.0				4.0							8.75		12.4	6.0	7.0		9.5		8.0		9.0	7.6						12.5	17.5		8.0		8.0	8.0		15.33	5.0		7.25		20.0	8.38		9.0	10.33		13.5			16.4	15.0	12.0	12.0	18.0	19.0			8.0					10.25	6.0			29.0		7.0		6.43	8.69			14.0				11.0	14.0					12.22	8.0														9.57			9.25								7.0	24.0				27.0							8.0			12.33			23.0					6.07								9.0														16.57	8.0				8.07	10.5					25.0			8.0	11.5							11.0	9.25							7.0												15.0			10.0				9.0	10.0					
1850	7.72	8.58	6.22	5.34	7.6	13.56	21.77	4.46	7.04	7.68	23.77	9.41	5.76	14.02	6.75	10.97	13.2	7.04	11.67	8.91	17.85	9.0	14.02		7.67	22.71	21.6	20.83	27.67		7.41	8.32	9.8		10.75	8.54	6.77	11.67	13.08	5.0	7.58	6.64	8.5	8.4	24.0	13.0	8.31	8.14	12.38		7.0	2.0		30.0	16.2	12.8	9.19	7.29	6.45	7.25		33.0	11.57	8.05	6.72		10.75		11.64	43.0	11.14	6.26	7.72	8.57	10.86	8.73	1.6	8.54		6.43	9.33	6.21	5.8	9.5	7.25	14.5	15.67	8.25	8.44	12.25	16.83		6.0	13.0	6.92	38.0	12.8	8.0	7.0	9.4	7.86	29.4	25.0	8.0	14.0	8.78		27.25	9.67	8.83			46.67	6.89		24.5	9.0			11.0		9.5		10.5	8.0			15.25	15.5	8.4	14.0			22.0	22.5				9.5	8.29	6.29					19.33	56.0				6.3		11.67		7.42			8.33	9.0		9.0	10.33				13.0		10.0	17.17		9.29			13.5		11.0	7.75		12.0		16.0	10.0		8.0	11.0		10.0					12.33	8.0	18.5			70.5			26.0				10.5					7.0		7.5	9.83	23.0	10.2		8.0									14.5	7.0	7.67				9.0							7.0		7.0																	26.0									10.0		1.0		10.0											8.67		13.0		65.0											15.41	7.33	48.0		7.0	8.0	9.0					24.0	9.0		8.0	9.17											13.0		87.0					21.0		13.0		10.0					19.0			12.0								26.0		9.5
1851	7.29	8.06	5.57	5.71	7.49	12.46	22.06	4.16	7.26	8.57	22.12	8.64	7.25	11.17	11.2	9.9	13.43	7.37	13.0	13.6	17.15		12.11		8.0	19.5	19.75	20.33	14.25		8.36	7.68	8.57			8.29	8.06	12.18	4.5	3.0	10.62	6.8	8.0	8.71	16.0	6.0	7.38	7.22	10.93		8.2			21.69	13.75	6.0	7.33	7.2	6.22	9.87	8.0	13.0	11.8	7.56	6.69		9.67		10.35	37.78	8.5	6.56	10.7	9.41	8.67	7.09	1.4	7.38		5.75	8.67				10.0	12.0	11.0	7.25	10.0		11.0		8.75	8.0	6.75	32.0	9.5	4.0	8.47	10.0	8.0	34.25		9.25		8.5	56.0	11.0	7.0	17.67	9.0		29.0	7.0		24.25	8.0			12.9		8.0		8.5	6.0			14.33	16.0						18.0			11.5		7.0	9.0					18.67			8.0		9.33		11.75		9.25		6.33	8.67	7.0		8.0		12.67					9.75	13.0		12.5		10.0			12.9	9.0	47.0	7.5	7.0	23.5	15.0				4.0	9.0			11.0		19.0						7.0											7.67			9.4		6.0	13.25				18.0	7.0								47.0												7.0							17.0		9.0		24.0																7.0			16.0											10.0				129.0		9.25		6.0				9.0	16.0		14.83	11.0					13.0							9.0		9.0	11.0													77.0				8.0		8.0		8.0			51.0		15.0													
1852	7.56	7.69	6.05	6.23	7.48	12.73	18.28	7.42	6.85	7.8	20.74	9.0	9.7	10.03	11.0	9.44	12.2	7.74	33.33		17.38		10.71	12.5	7.0	14.47	27.0		14.7		7.19	8.75	8.71		10.75	7.57	8.67	13.0	11.75		7.85	6.67	10.5	7.36	22.0	9.0	8.33	8.81	11.0		8.09		7.0	21.38	11.0	6.0	8.29	8.86	6.8	7.15	7.5	9.4	13.93	8.73	7.42		8.77	19.0	11.48	40.67	9.75	9.0	6.0	7.88	10.12	8.6	2.0	9.86		4.33	7.33	7.5	5.0	9.5	8.43	9.67	17.0	7.27	6.5				89.25	8.43	7.0	79.0	11.33	9.0	8.64	9.4	7.5	51.0	8.33	9.17		7.6	55.43	11.4	7.0		9.0		43.6	7.0		20.3	15.0		12.0	10.5	13.0	10.0		7.33	7.0			13.0		7.0	15.0	13.0	9.0	22.0					11.0	7.5	4.0					25.67			2.0		8.5		9.0	6.0	7.0		8.5	11.67	9.5	26.0		7.33	14.33					8.5			7.57			7.0		10.0	7.0			12.0	25.0			7.0	8.0		11.43								7.5	8.0	33.0	10.33		20.5											8.0	7.5	29.0	8.0											7.5		12.0	30.0			10.0		31.0									27.67	11.0				15.0							10.0				6.0		13.0			9.0	45.0	7.5	10.0	9.0	2.0		7.33						146.0		8.0							58.0		6.0							13.0		14.84	12.33		33.0											6.0														56.0		9.0	24.0		10.0		7.0		12.0					13.75													
1853	7.19	7.6	5.55	6.27	7.57	12.01	18.18	3.32	7.21	7.3	21.68	8.51	7.67	10.18	4.0	9.26	10.56	6.94	16.83	138.83	16.18		15.35	7.71	7.08	15.39	27.57	13.88	51.11		7.05	7.63	7.33		8.67	6.83	7.35	13.57	4.36	80.25	30.17	7.46	7.44	8.25	20.0	7.25	7.75	8.6	10.7		6.96			17.29	6.33	44.0	7.83	6.86	5.62	7.86	8.0	8.46	9.79	7.44	6.79		7.67	19.0	17.0	38.23	6.67	8.75		7.89	9.25	6.8	1.5	7.4		8.86	8.45	8.0	3.75	8.67		9.0	15.5	8.67	8.33	16.0			4.0	9.82	9.43		11.33	13.5	10.0	7.62	8.5		14.0	8.18		8.36	59.18	11.8	7.0	14.0	6.0			6.29		18.6	7.9		56.5	11.0	9.5			8.0	7.8			9.0	8.4			19.0	6.5	22.0	9.0		9.0		8.17	8.08	5.67					11.5	9.0		7.5		7.0		10.8	7.0	8.67	21.0	7.0	7.0	8.0	9.0	8.6	9.5	13.0	20.25			20.0		12.0		8.8		8.0			11.33	6.25			9.0	21.0	8.0		8.75	33.0	5.0	16.0			7.0							37.0	4.0		27.0	15.0		6.0						5.5					5.0			76.0		8.33	9.5					7.0	9.5	7.43	37.0					16.0				7.0	7.0	14.0	9.0		20.0	8.5											9.0									8.0		6.0	10.0	5.0	2.5					11.0								6.0	10.0		7.0			7.75						6.5	7.0		14.12	6.0		23.5			7.0						7.0							32.0									50.0	77.0		38.5						12.0				10.0	25.67	15.0									9.0			7.5
1854	6.45	7.19	4.68	6.0	6.11	10.34	17.6	5.57	6.19	6.19	20.51	6.68	6.09	10.4	8.75	7.06	9.73	5.61	8.63		16.75		10.33	6.5	8.84	13.65	15.44	13.1	12.33		34.0	6.11	5.98		7.8	6.48	7.21	15.2	6.08	1.0	13.45	5.78	6.71	6.44	24.5	10.14	7.33	6.17	10.17		5.96		7.5	17.45	6.53	6.43	7.62	7.56	6.38	6.86		8.67	10.15	6.6	4.9	6.0	8.15		9.25	35.0	23.0	8.75	5.88	7.21	8.0	6.0		7.0	5.0	6.21	5.34	12.0		6.0	6.8	8.0	10.2	6.44	7.67	9.0	11.0		4.0	12.0	5.0		13.0	4.0	7.0	8.33	5.8			7.97	77.0	7.5	55.2	12.6	8.4	9.25	6.0			7.25	8.0	17.5	7.04	4.33	7.44	9.17	8.67	7.0		7.25	6.0			10.0	8.0					20.0			8.8		6.0	7.33	5.33	14.6	6.5			14.14					6.0		8.14	7.0	6.5	22.0				11.33	9.0			5.75	9.0		12.62		12.5		7.6	9.8	7.0	6.75		10.0	4.0				21.0			6.67	11.0					11.91		6.8		10.0		8.5	47.0	4.0		21.0					5.0				6.5		8.0	7.0		6.5		6.0										7.0	7.0	43.0				13.25	21.0										12.0								7.5	8.6								19.71					3.5	7.0			14.91							11.0										54.0			5.0		41.0					14.82			10.0			7.0					22.0												7.67		8.5				50.0		18.0			73.0	5.5						9.0	11.0	7.0				9.0					5.73			12.0
1855	6.12	6.56	5.74	5.26	6.53	10.18	16.79	32.38	6.16	6.35	21.26	6.6	7.07	9.95	14.33	7.78	9.9	6.52	13.2		14.95		11.75	6.0	6.89	14.0	13.82	14.4	12.64		5.19	6.32	5.33		6.5	6.53	7.29	9.75	8.0	5.0	6.0	5.77	6.0	5.52	31.5	5.6	6.12	6.71	9.5		8.0			21.88	6.84		7.75	6.67	6.62	7.5		7.59	9.78	6.33	5.83		8.42	21.0	6.8	35.09	9.5	14.0	6.0	7.36		6.4	1.6	7.57		5.33	5.65	39.0	30.0	18.0	6.67	9.5	9.33	6.43	10.0		9.4		4.67		4.0		8.0	26.5		7.67	6.0			6.5		6.0	56.0	15.0	7.4	7.33	6.0		44.0	6.75	10.0	14.67	9.0		8.0	7.67	6.6	11.0		7.5	5.75			18.0	8.5								13.0		8.0	6.5		6.95	8.0			14.75					9.0					26.0		6.5	7.0	6.58	13.0	5.0	9.5	4.0			21.67				8.25	10.0	48.0	7.0		6.0	6.0	12.6			18.0			6.0			5.0			13.0	9.0	10.33		215.0	33.0	7.5				21.33	15.0								6.0	17.0	6.0	8.5		7.0		6.5			7.67								8.33											7.55	40.0			19.0	9.0								7.0							14.5		10.44			7.33		5.75		4.5		15.33	8.71		31.0	16.0							17.0	6.0	9.0	5.0		37.0			31.0				64.0				13.51			15.75	4.0				19.67					6.0			14.0	8.0				16.0						8.0								4.5						8.0	15.0	8.33			18.0						5.83	54.0		
1856	7.0	6.23	5.17	5.37	6.27	10.71	17.42	1.62	6.18	6.35	19.85	6.76	5.82	8.99	14.0	7.38	9.94	5.71	7.0	25.6	13.67		9.36	8.67	6.67	13.91	16.83	14.7	12.16		5.58	6.89	6.5		8.0	6.32	6.5	13.31	9.25	4.0	9.0	6.16	5.83	6.44	21.25	9.0	5.71	5.29	8.44		6.8			14.85	5.94	4.5	6.71	6.11	8.0	7.69		8.14	9.38	5.57	5.5		8.43	17.0	8.24	33.4	15.0		5.75	5.33	10.0	7.8	2.17	6.75		4.43	5.57	11.0		7.0	7.0	10.2	11.0	8.0	9.8		8.89		5.0	7.0	6.5		9.0	5.33		7.31	7.0	27.5	8.0	7.43		7.25	57.75	12.0	6.0			5.0	47.6	9.5		20.5	8.75		8.0	6.5		8.5		7.0	5.33			11.5	7.0		17.33		7.18	19.0			7.0			5.67	5.0	7.14				14.33	8.0		5.0				6.5				5.45	6.0	11.0	7.0	8.5	9.0	17.5				16.5	10.0	10.0		8.0						7.0	33.0						7.0		3.67	13.5			10.62		4.67	10.0	32.5		6.0	53.0	5.6		33.0	74.0								6.0			6.0		5.5					6.0								6.57					17.33						7.83				17.0	8.5						7.0							16.0		26.0		11.8			6.0	29.0	5.75				18.29	6.0		29.0								22.0	8.5				50.0							175.0		6.8		13.11	6.0		30.0			6.5		17.0		16.0					5.0		11.0								6.0						34.5				4.33		5.0					22.0													
1857	6.01	5.86	5.07	6.29	7.18	9.4	14.82	1.15	6.07	5.89	19.72	6.78	5.13	9.42	7.5	7.0	9.4	5.09	5.0	33.25	13.41		10.32	7.94	7.16	13.66	21.67	13.81	14.14		5.86	6.4	6.22		10.0	5.53	6.67	19.33	12.67	2.25	6.44	5.75	5.0	5.81	25.78	3.33	6.48	5.84	9.41		7.0		9.5	18.21	5.91	6.5	8.0	5.97	7.0	6.58	7.0	14.96	8.83	5.83	5.08		7.5		7.75	34.26	7.8	12.0	6.95	6.25	7.0	6.09	1.14	6.19		10.4	6.2	5.0	3.0		7.0	9.57	10.78	6.06	7.67		10.25	34.25	3.8		6.0		13.43	9.0		14.0	6.25	26.75		6.1	15.5	7.0	53.44	15.5	5.73				46.0	5.33		17.25	7.0	7.0	7.5	7.29		7.43		6.5	7.6			9.79	8.33		8.75		5.93	26.4	14.67		9.0		6.33	7.7		5.0				13.0			10.5				8.0			20.5	4.57		7.0	6.4	8.14		8.5		9.0		15.0	11.33	10.0		6.71	11.0		6.0		12.0	5.5		8.0	6.0	18.0			6.0		4.0	9.0			9.6		6.0				9.0	37.5	5.33		14.75		4.0		5.0			7.0			11.0	6.0			4.5					9.0	13.75					6.1		5.25	41.75			6.33							6.0				20.0	7.0																	8.5					4.0		6.0	9.5	19.67	7.0									5.0	24.0	6.67		10.0		57.0							69.0		9.5		12.98	6.0		17.0					20.5								5.0				6.0					5.0		6.0	41.0	49.67	13.0	42.0		7.0		8.0		7.0			17.0	7.0	20.0	4.0	51.0					6.5						
1858	6.97	6.19	6.15	5.47	7.65	10.91	12.69	3.0	6.79	7.09	18.8	7.27	6.53	9.22	7.0	8.11	11.13	6.38	15.2	92.5	13.79		11.92	6.45	6.39	14.98	19.0	17.2	13.0		6.32	7.07	7.04		7.92	6.62	6.95	6.89	5.73	3.25	8.32	8.07	6.08	8.17	23.57	5.4	7.39	7.47	10.41		7.27		4.5	15.0	6.38	8.1	16.88	20.83	8.0	7.6		7.54	9.22	6.31	8.14		9.33		9.82	31.45	8.5	8.38	9.5	7.77	7.5	7.0	1.27	8.56		2.0	6.5	9.83	4.33		7.25	10.09	8.5	7.56	6.33	7.0		36.0	4.25		7.46	51.0				8.13	6.97	31.67		10.8	12.5	9.0	52.62	14.2	9.0		4.67		42.33	6.67	7.0		8.5	8.0	6.43	3.0	14.33	9.5		7.11	6.8		42.0		7.88		12.67		10.5		15.5		9.0		7.33	7.71						12.0	11.0				10.0		10.0				7.0		10.0	8.0	13.5	8.0	9.29				14.0	10.0	8.0		11.0		8.0	7.0					10.0	10.33				7.44	9.0							4.5			4.0	5.0		8.0		14.0					10.0				7.5				17.0	9.0		8.33	64.0			8.38			27.0		21.0	9.0	6.67	26.75		5.95			15.0				10.0						12.67	5.4							4.0			7.0									7.0	19.33			5.0	9.0	21.0	7.5		29.0								22.0		5.67			50.5						63.0	52.5				13.91	12.5					11.0							8.5			7.67	8.25			13.0		12.5			6.57	24.0			48.0		20.0		7.33				11.0		18.0			22.0	7.0	59.0						7.33					10.0
1859	6.06	6.34	5.74	5.64	6.21	9.6	14.13	20.26	6.33	7.28	20.71	6.81	5.72	8.03	5.8	7.99	11.11	5.52	7.83	25.7	12.59		10.96	6.61	7.38	16.61	27.43	13.83	11.07		6.27	7.27	7.58		7.67	6.9	6.53	8.33	5.89	3.11	6.84	7.5	6.67	7.0	29.0	7.0	6.89	6.71	9.1	49.0	5.42		9.0	18.57	6.22	6.67	10.0	6.43	6.89	8.0		8.0	11.13	6.92	6.17				8.54	36.92	6.73	9.17	9.0	7.52		6.54	1.0	7.5		6.0	8.75	8.6		5.0	7.6	10.6	9.22	7.62	7.0		11.0	26.67	4.0		6.33	22.0	11.33	5.0		7.67	7.07	22.0	7.67	8.44	11.0	8.22	55.33	12.08	8.0				43.85	7.4			9.0	6.0	8.5	8.4		7.5		6.33	8.0			10.94	8.75		10.0		5.64		11.0		14.0		7.4	7.14						11.0								8.0	8.0	17.0				7.5	7.0		12.0		8.0		15.82	11.75	10.94		9.2		14.5	6.5		9.67		55.0		8.6	21.0	13.0		7.2		3.71				8.33		14.0						7.0		15.0	11.0		5.0						7.0			8.4	27.0	11.0		7.67	61.0			83.0			18.0				11.0	40.0			11.0		19.33						27.0			34.0	7.0													12.0		15.33			20.33		10.0			8.5															5.0	6.25	9.0			14.25					24.0	64.0	11.0			12.1						8.36										7.75	5.0			6.5	21.67	8.5		8.0	8.33		7.75	46.5	47.5				11.0				8.0		47.0	21.0					6.0	12.0	9.0		6.0				12.0		7.0
1860	6.57	6.16	6.17	6.1	6.15	8.96	12.3	5.8	7.84	7.46	20.18	6.91	6.0	7.25	7.0	8.26	10.59	6.43	6.4	27.71	9.7		9.86	7.2	8.94	14.2	16.0	13.89	13.7		7.36	8.62	7.75		7.33	8.67	7.2	9.83	4.12	5.5	10.09	7.71	8.0	14.56	20.5	5.5	6.07	7.0	6.4	9.0	8.0			25.0	6.0	6.5	7.0	6.82	6.5	7.0		8.5	6.96	6.52	7.0		14.0		9.11	35.2	7.0		6.76	7.36	9.0	6.33	1.25	7.11		30.25		9.61		8.0	7.5	10.5	11.09	6.38	6.0	4.0		25.0	5.07		7.0	48.0	6.67	11.0	8.0	8.4	7.76	23.0		12.14		8.0	54.92	12.75	7.5	5.0			41.7	9.0	4.0	21.25	8.6		13.33	9.11	8.0	7.08	28.33	5.5	4.0			7.57	8.4				11.0		8.5		8.0	8.0	9.56	7.17						13.0	5.0		21.0						6.5		6.0	6.0	4.0	17.0	7.33		39.86		6.0	59.0	16.0	7.0	10.67		9.0		8.0	7.33		6.5				7.38		9.0		6.0			17.0			10.0					72.0	25.5								4.0					10.0			8.0		15.6		8.25	60.0						32.5		9.0	8.0	6.25	5.0		6.64			37.33						24.0				8.0					27.0	12.0							15.0		23.0				7.0														11.0		9.0			6.0	7.0	8.0									52.5				11.61																	7.0					10.0			7.5		9.0						8.0			14.0			22.0	41.0		23.5							8.0				20.0	7.0	
1861	4.65	4.71	5.21	7.83	4.91	10.26	12.39	1.8	7.14	6.67	19.59	6.57	5.88	6.43	10.0	6.03	10.82	5.57	8.75	18.25	8.55		8.8	5.4	8.33	14.46		17.33	10.14		6.25	7.09	5.19			7.04	6.54	8.55	9.38	8.92	5.91	7.6		6.5	17.19	5.67	4.9	6.78	7.21		5.38		7.5		5.67	7.23	6.9	8.5	5.0	7.11	4.4	7.0	7.8	6.0	5.4				9.56	27.0	12.0	7.5		6.64		8.75	1.17	7.5		13.5	7.5	7.25	4.25	6.0		11.0			6.57	3.0				4.0	8.2			8.5	6.69	7.4	6.67	24.0		6.8	4.73	7.0	51.75	4.0	7.17	4.0	6.5		42.75	6.0	6.0		8.0	3.0	21.0	7.0	7.0	6.0	20.0	6.0	6.0			8.0	8.5				5.75						7.55			7.0					9.0		18.0						7.0	23.5	5.33	11.0	3.0						6.0						8.75			7.0			6.0		5.86	6.92		7.0		9.0			20.6					8.0				8.0	34.25	9.0			17.0		6.5					11.0	7.33					8.5			54.5		10.0	8.0			11.67		7.0	8.0	15.0														9.2	20.0	8.0	4.0					7.0	3.0	10.5	8.67				11.0							7.6					6.25						7.0												15.0			4.0							10.09	7.0	19.0						36.0	15.0		15.0						7.0				3.0					3.0									5.67						5.0													7.0	
1862	5.14	6.3	4.15	8.28	6.0	7.62	9.25	4.49	5.91	5.44	18.52	6.2	7.74	4.42	8.9	13.36	10.85	5.41	9.86	13.43	10.26				8.24	11.44	20.0	8.33	10.78		6.74	9.03	3.97			7.98	5.67	8.35	10.75	3.63	11.33	15.0	7.55	7.5	26.5	7.57	7.71	7.28	4.17		3.33				6.0	7.75	10.0	6.0		7.0	4.5		11.0	8.45	5.5				5.0	31.5			7.5	8.94		10.0	38.33	10.5		14.0	9.67			6.57		3.0	12.0	8.5		4.0				7.0	9.0				13.0		11.0	9.0		10.5	4.75	9.33	48.5	4.0	9.33	8.0			40.33			15.0		1.0			7.0		14.0	6.0					11.0			3.0						9.0	7.0		32.0						7.0		25.5					7.0	9.33	19.41										5.0		11.0		14.5	10.0								8.0	16.0				8.5	3.0							12.0			39.0		43.0	8.0							327.0				15.5					8.4			46.0	20.0					13.5					42.0		8.75			6.0						5.0		6.4									10.2		8.5						29.0										3.0							18.0													87.0								9.8		4.5												9.0			8.0		22.0	13.0						12.0	8.0			30.0	9.67						3.0																		
1863	4.7	4.73	5.45	7.01	4.82	6.16	7.48	5.17	4.31	4.92	16.59	5.84	4.05	6.64	10.98	6.78	6.72	4.19	8.5	11.5	11.69			3.11	6.0	12.36	13.17	6.0	6.5		5.06	4.44	4.15			5.25	4.92	9.71	18.36		7.2	5.44	4.67	8.2		6.75	6.5	4.62	7.8		3.49			15.0	6.0	5.6	7.0	11.4	3.62	5.67	3.33	17.0		8.67	6.2			9.0		35.75		8.0	10.89	5.17			1.0	5.5			4.0	10.0	2.0	10.0	3.71		9.0	8.0	9.5		8.0	7.25	10.0			15.0		10.67			11.67	21.0		15.0	9.33			6.33	3.33	4.94			47.25	4.0	6.0	13.5					4.76	10.0	16.69	5.5								2.67	4.22					82.25	5.6		5.2						9.8		349.0		9.0			4.0		17.0	4.0		3.0												7.0		8.0			4.0	16.0		4.0	6.0												7.33				9.0	97.0	4.0											11.0				10.0						6.5										16.0										11.4				13.0							6.8		4.5	2.83																																			47.0				47.0			18.0	12.23		16.0																	117.67							7.0	8.0	45.0	58.0		15.0	18.0		15.0	4.0								7.0												
1864	4.64	6.05	3.04	3.46	4.77	4.95	8.5	3.15	4.36	5.68	17.08	4.92	3.3	6.44	4.58	4.69	9.09	3.34	18.96	9.06	8.8			4.0	4.14	12.27	17.04	5.0	11.0		4.53	5.22	3.97			5.67	6.5	15.6	3.86		7.29	4.34	17.0	8.4		7.14	5.0	4.27			3.75		4.0	13.0	5.0	5.5	8.0	4.7	3.39	6.0	3.25			4.75	4.62							5.05	4.78	8.0		3.83	5.25				7.33	11.29		8.0	5.0	5.8	11.33	11.0	4.0		8.0	16.67	2.0		7.0	20.0		23.0		8.0	7.5					6.0	57.0	4.0	6.0			3.0						3.0			3.33		20.33	6.0					8.0		9.0	1.0	3.0						6.0	5.5							8.83		4.5								5.0		2.0				4.0							62.5			4.0	5.0			9.0		3.0	9.0				6.0													41.5	5.0		7.0	8.0										8.0									11.0			13.0								5.0							6.0	15.0											12.0		10.0	2.0					11.0									6.0							5.0	18.0						2.0		5.0				3.0		3.0			47.0				8.54					5.33							13.5					9.0		26.0				8.0						46.0	7.0	27.0	7.0											3.0												
1865	5.31	5.57	3.42	3.31	5.32	3.38	12.81	2.43	3.68	3.26	16.62	6.46	3.84	4.74	13.34	4.05	6.4	3.65	8.49	36.92	7.0		4.08	8.5	4.22	10.55	14.84	5.18	4.77	4.15	4.78	5.5	4.25			5.12	4.08	6.43	5.25		6.27	3.47		3.94		22.0	5.67	4.8	15.0		2.0			11.0	3.0		3.5	5.75	2.86	6.88				6.0	3.0				2.0			3.33	2.9		2.0	6.0	1.58		3.0			5.21	7.0	5.0	5.33	10.0	3.0		8.0			14.0		3.0	13.0	4.0		6.29	4.4	14.75	7.0								8.5					2.0				3.0			3.0	8.33	18.0	3.0	3.0						5.0				4.0				5.0	5.5	6.0		3.0				10.33		13.0				3.0				2.0		2.67			3.0	2.71			13.0				297.0			10.5						2.0					9.0				4.0			2.0									28.0																2.0	55.0	22.0	6.0	14.67											3.0						11.0		17.0		11.0									10.75		5.0	3.0			4.0											4.0									23.5	21.0						10.0				3.0	26.5				61.0				7.21					4.5												8.0				16.0			3.0																17.0						10.0									
1866	4.78	7.35	3.0	2.73	5.33	3.68	4.69	10.61	3.12	6.45	16.64	3.78	6.76	4.67	8.51	4.86	8.71	3.81	7.81	13.46	9.0		5.22	7.56	4.0	8.24	14.45	3.48	5.57	3.95	3.73	5.5	4.0			4.08	3.26	7.63	2.33	3.0	4.36	4.15		5.0	26.0	5.8		4.62	4.75		4.78		7.74	8.4	4.33		4.3	3.0	3.71	2.86	8.79		12.0	4.0	6.0		2.0		4.67	27.5		3.33	3.8	3.14		2.0	1.0	5.5	3.5	7.0	9.0	3.83	5.0	13.0	6.0		15.0	4.0	4.0			11.5	2.0	9.2	4.25			5.0	4.38	11.5			8.5	22.0	3.0	4.0	53.0	7.0	5.67		6.0	9.21		3.33	3.0	4.0		3.0	9.0	3.0	6.0		23.67	8.0		12.0		2.0					2.67	22.5		9.44			11.0	2.75		6.75			9.11		10.29	10.61	3.0	14.82	5.0				4.0							14.0				7.0	3.0	3.0		3.0		9.75	6.0	5.0	9.25	3.0																		9.0		2.0		3.0	7.62		21.0		4.0		5.0	11.2	9.0	8.71	3.5		7.25	4.0	22.0	5.0	8.0	9.0			9.0				17.0	10.0			4.0												7.5			9.0			8.43					13.0	4.0				4.0				13.2					44.0									2.0	4.5									4.0			9.0		28.0	8.5						15.0	7.38	5.0									18.0					5.0		5.0								6.0		10.0			4.0				37.0			5.0				8.5		5.0								11.85			2.5	7.0
1867	3.59	4.34	2.6	4.16	5.13	4.38	3.81	5.86	4.75	4.79	11.58	4.66	2.12	3.0	5.2	9.31	16.12	3.57	6.84	10.92	5.2		5.68	4.53	4.31	9.71	7.87	5.67	9.5	3.6	5.63	4.62	4.76			5.73	5.7	5.23	105.5	3.53	5.67	5.7	7.0	2.92	11.5	4.4	13.25	6.22			4.5		7.59	6.33	4.2	16.0	5.75	4.67		6.25	5.11	8.0		9.38	5.33			3.0	6.67	12.5		6.0	9.0	9.5		4.0	1.27	7.5		9.0	9.0	5.0	1.89	5.78	2.0	5.6		10.0	11.33			17.0	2.75	6.42	3.67			4.0	4.83	4.5	6.0	14.0	9.0	11.0		7.67		3.33	10.0		6.44	9.26	34.0				8.0	2.0			8.67	14.0	17.83		9.33	8.92			5.42			1.33				8.7		11.0			1.0	7.0			9.67	3.67	9.5	10.25	1.0	8.62	11.0				11.0	17.0		11.0	2.88	10.0							14.0	6.0				15.0	7.5	15.0	9.15		29.0		5.0		9.0			7.0								11.0				8.0	26.0	9.0	7.2				2.0			9.25	6.0	7.33			6.5		24.0		14.8	9.5			5.33	38.0			2.5	9.4				43.0	14.62										8.67		11.33				8.43						7.0				3.0	18.0	4.0		12.4		9.0											7.0	2.5			6.0	16.4		2.67									30.25			2.0					7.02	18.0						12.0		8.0	21.0							9.0	30.5			19.0		8.0							6.0								1.0													8.0		3.33		13.0
1868	3.63	4.27	3.84	1.95	4.51	3.54	4.17	2.85	3.87	5.75	6.63	4.72	3.62	6.0	5.92	5.85	5.67	3.92	7.6	15.0	9.13	4.5	4.8	7.18	5.61	8.0	3.34	4.88	4.08	4.11	13.58	3.93	5.79			4.43	3.0	4.32	4.59	3.82	10.06	3.5		7.5	7.97	5.44	4.0	4.33	4.25	9.0	3.4		7.59	4.33	3.83	10.25	3.92	14.75		5.58	4.44		12.33	3.5	2.11				6.75	21.21	7.5	4.0	9.0	4.43	8.0	4.0	1.4	10.5	1.5		7.5		1.27	3.04	4.5	5.1	8.75	3.0				11.25	1.0	6.33	2.33	2.86		3.73	2.5	11.0		4.5	4.0	7.25			26.33	3.5	7.67	2.67	6.63	11.5	27.75		8.0	4.0	2.0			3.0	9.0	6.2	26.67		10.33	11.2		3.0	7.25			2.0				10.05				9.0	8.0	6.6			9.67	3.67	8.67	10.29		8.64						28.0	2.0			15.0			2.0			2.0	3.0	4.0			9.0	8.0	7.0		8.57				4.0												3.0						51.0	6.0	11.0	3.0	6.5		15.0		7.0	10.0	10.0	10.33	5.0		6.33		3.0		19.0	9.0	30.5	2.33						10.6			3.0	6.0			2.5			3.0							12.0	24.0	2.5	4.33	9.5				11.0								3.58	10.0	14.0		12.0	7.0		7.0					3.0			4.0	2.33	6.0			15.0						2.0				3.0		6.17		2.75		10.0			5.96							12.0				13.33											3.0		11.0					53.0				9.0			3.0	13.0	16.0			8.0										3.0		3.0		7.0
1869	3.81	5.28	2.52	2.41	4.08	3.63	4.79	2.03	3.45	4.4	4.7	4.93	11.57	8.0	10.03	4.72	6.5	4.1	7.85	12.92	6.12	1.09	4.5	7.27	4.27	8.96	1.7	4.88	4.34	4.8	6.0	5.07	5.75			4.49	5.0	4.44	4.36	3.36	8.0	6.67	6.0	5.43	3.38	4.13	1.8	4.2	3.33		2.67		8.38	10.29	3.0	5.0	3.62	12.0	4.5	9.0	7.33	7.0	10.67	2.0				2.86	5.0	5.0	6.0		14.5	10.67			1.12	3.67	3.0		7.0	5.0	2.33	4.38	5.5	5.0	15.12	2.0	6.67			1.89		11.4	5.0	3.0	3.0	4.5		5.5			6.67	6.75			28.5	4.0	10.0	4.88	8.62	11.33	5.0		3.67			7.5			6.6	9.0	15.5	5.25		11.8			5.0		4.0	1.0		5.0		8.56		8.0	8.0	3.0					12.71		13.2	11.25	7.5	9.57			3.0			17.0	2.0	6.0		3.5					6.0	4.0		3.0				8.0			10.71	2.33								3.0				18.0							10.25		39.0	6.0	9.0				4.67			12.5	10.43	14.0						14.0	21.5	14.0		5.0					3.0	11.8				1.0	15.5										2.0		13.0		7.5	5.0	10.0				8.0								2.5	9.0	10.83			5.5						2.86				3.0			18.0								3.0						2.5			29.0				7.34	7.0		4.0								13.0								13.0	18.0		3.0	12.0	3.0										2.0					4.0		10.0						4.0			6.0			12.0		
1870	5.13	4.0	3.1	2.14	4.08	4.25	6.18	23.0	2.96	3.71	4.48	4.74	2.98	2.5	5.02	5.87	7.83	3.83	7.28	14.84	6.33	1.1	5.43	1.62	3.76	10.78	3.41	5.08	8.79	5.2	4.75	3.59	3.67	3.23		3.35	4.0	3.62	4.89	3.0	5.18	4.43		4.4	4.47	4.77	3.0	3.42	2.0		3.0		2.33	3.0	7.5		3.95	17.5	2.67	4.5	2.5	6.0	3.0	1.5	6.0		8.0	2.5	9.0	9.0	5.0		2.5	5.67		4.0	1.0	3.8	2.0				1.0	3.07	3.2	3.17	2.0	3.5	6.33			3.18	4.0		2.33	4.0		4.71	6.0			3.25	4.04	5.0							2.5	3.0		2.0	3.0	4.0	7.0				8.5	7.8	15.25	7.0	7.0			2.0	4.86			1.33		7.0				6.0			4.0	1.0					6.75		5.0				8.75	3.0		20.0		7.0		14.0	7.0	4.0			6.0	5.0												3.5	2.33		4.17		4.26						4.5		2.0				6.0						5.0						19.0						3.5			6.0			1.0							24.0				3.0								1.0	4.33		8.0								2.0					3.06									11.0									3.0			14.5				4.25									38.0			8.0		5.0	7.0	1.0	8.64				3.0			12.0		18.0		12.0			2.0						2.0	2.0															2.0		3.0	4.0	2.0						3.0							3.67		
1871	3.99	3.87	2.3	2.21	4.01	4.63	3.87	9.52	3.29	2.91	3.15	3.76	3.17	7.0	5.39	3.94	4.63	3.77	4.18	15.29	2.67	1.14	4.79		2.83	7.15	6.05	5.46	5.69	4.53	4.14	2.9	4.5	3.51		3.42	3.0	3.6	8.04	3.17	4.0	2.4	10.0	4.2	4.35	5.28	2.0	2.67			4.25			18.5	3.2	4.33	4.13	5.33		3.0		7.0	3.0	3.5	5.33		4.71				3.43			20.0	2.0	8.0	1.18	3.6			8.0		2.0	2.36	3.0	3.33	3.0	2.0	6.2			4.33		3.0	4.0	5.0		4.33		4.0		3.36	3.84	5.5			6.0			2.0		3.0	7.0	2.0		10.0					2.5	4.67			3.0				4.0		7.5	1.36		23.0					4.0								3.5		3.17				4.4			15.0		6.5	3.17							4.0				92.0								2.67			3.5							4.0	3.67								32.0						6.0		4.0		2.83		4.0				11.0			2.0		2.0					1.5						14.8										3.5		2.0			10.0				3.0	4.5				4.0	2.67			3.0	2.75						3.4		3.0	5.5										14.0	5.0	3.64				2.0				2.0			1.0					3.0	5.74		3.0					12.44				14.67	5.0								2.14				4.0		4.0		34.0		7.0	2.0			2.0		3.67	6.0									3.0							12.0		
1872	4.24	4.74	2.32	2.07	3.98	4.69	4.27	32.0	3.23	4.69	5.84	4.15	3.0	4.0	5.16	3.27	5.53	3.24	4.13	16.7	4.0	1.11	4.33	1.67	2.43	2.5	3.11	3.71	9.09	3.64	4.0	2.55	6.5	3.8		38.71		3.98	3.62	2.17	4.3	5.0		3.46	2.42	4.64	3.33	2.3			2.5		2.43	18.0	1.0	4.11	2.0	2.0	5.0	3.5			2.0	2.0	2.5		4.89	14.0		2.0	6.0			4.33	3.33	4.67	1.0	5.5	2.25	3.0			2.0	2.86	3.0	4.13	5.33	3.0	3.5			3.5	2.0	1.75		3.0		5.25				6.0					4.0		2.0	6.0			2.0								2.67	3.88	14.75						5.75			1.33		2.0				6.0	3.0	2.5	2.0		3.0				3.0									21.0		2.5	3.0			5.0				7.5		3.0									6.0	3.0			4.0				2.0				34.0		7.83	2.0	2.0				14.0											1.0					16.0					3.0					3.0		2.5				14.0									13.0			10.0	7.0					10.0	2.0	5.67				3.0					6.0			2.8	12.0		3.5						3.5			2.0		15.0	5.0	15.33					5.0							3.0		1.0			4.0		5.68		2.0					12.0				15.0		6.0						16.0		5.0					3.0					3.33		2.0		8.0											2.5									
1873	4.01	3.67	2.22	1.76	5.33	3.89	3.28	9.5	3.46	12.18	5.23	5.38	2.31		4.43	4.57	4.57	3.33	5.86	9.19	4.67	1.27	3.25	2.35	6.37	3.0	1.97	2.55	2.4	3.93	3.0	3.25		3.23		4.0	3.7	15.0	2.0	3.8	4.17	3.0	4.0	4.37	2.79	4.25	2.48	3.83	3.6		2.82		2.93		3.0	3.6	3.0	8.0			2.18	7.0	4.0	3.0	3.0		4.62			3.0	5.12			2.0	3.4		1.0	5.0	3.2	4.0		5.0	3.33	2.0		3.3	3.0		4.12			1.0	2.0	2.0	3.0	38.0		3.5	3.33	10.0				4.0		5.0		3.0	6.0			3.0	2.0		3.67							6.5		7.0								2.0		3.0							9.0		2.82				9.5				4.0					18.5		3.0	3.0	10.0	6.33				5.0					30.0							5.0							6.0	3.0				4.0		4.33																										2.67		4.5	8.0								63.0	13.6								8.0	3.0			7.0	28.0	5.5								7.5						3.0	5.0			2.5															5.0									28.0					1.0			5.0		1.5	5.16							13.0							3.0							3.0	5.5			8.0						11.0			21.0	3.0			2.0																	
1874	3.61	3.0	2.7	1.75	7.08	3.5	4.56	10.17	4.93	4.0	5.82	4.16	2.0	3.0	4.22	4.63	6.12	4.07	3.67	13.49	2.0	1.12	6.67	2.59	3.33	3.11	3.16	3.5	3.25	3.51	3.0	3.1	3.0	3.31		3.6	4.0	5.29	7.0	2.5	5.0	2.29		3.38	2.96	3.43	3.36	3.8	4.0		3.85		2.84	4.0	4.0	3.74	3.43	4.0		3.33	2.1			2.0	3.0		3.53		4.0	3.0	3.0		3.0	4.0	3.0		4.0	4.43	3.17		2.0		23.0	8.67	2.0	4.44	8.0	2.0	4.5			8.0	2.0	4.0	3.91	19.0		3.0	4.0	5.0	6.0			5.0			5.0		6.33				3.5	3.0	3.78			7.0				5.5	25.0		4.0	2.0		3.5				1.0							7.0	5.5	167.5		3.33			1.0	2.67										3.5	6.0				6.0								35.0				4.4		4.0			4.0												5.2						24.0														11.0			2.0			4.33		7.0	5.0								1.0	40.0		3.0		3.33																2.0				3.0	3.0	5.0	3.0		7.0			3.4											4.0	5.0												2.67	120.0						3.5	3.5			6.02													6.0				6.0			2.67		3.0	1.0						5.0		6.0							1.0		23.0								3.88							
1875	3.58	2.76	2.12	1.87	4.51	3.44	3.08	5.88	3.46	3.05	4.6	3.04	2.53	2.67	4.47	4.62	4.5	3.5	3.96	14.0	41.8	1.11	91.5	2.15	3.25	2.82	1.75	4.41	3.0	3.51	6.33	4.22	3.33	3.37		2.67	2.0	3.54	4.0	2.46	3.71	3.25		3.57	3.38	3.89	4.33	3.67	35.67		3.0		2.55	8.33	3.0	3.77	3.5	2.67		3.0	1.82		154.5	2.0	4.0		4.6	2.33	70.08	2.4	7.5		5.0	4.0	2.8			3.0	2.83		5.0		1.5	7.0		4.5		4.5	4.0			15.0	2.33	3.0				4.0	2.0				5.0		2.57		3.0					2.8	2.67		3.0	3.0		2.0		59.67	2.0	3.75	14.0	5.0				176.0	3.5			2.33								6.33			3.0										2.67	2.67			2.5	2.5	2.0	9.0		5.0												2.0		3.33					1.0			3.0				2.0	38.0			4.0			15.0							3.0	3.0		12.0												3.14						13.0						15.5	2.83							8.0				4.0								3.77						5.0		2.5				9.0		2.5					2.0				3.0				4.0						3.5	2.0		3.0				2.0			4.0	5.0		9.0	11.1			17.5										6.0							1.0		3.0		1.5					5.0						7.0			2.0			4.0		6.33				3.27	5.0							
1876	3.87	3.5	1.95	1.88	2.92	3.95	3.19	6.45	3.77	3.25	5.97	3.93	1.5		4.0	4.71	8.0	2.5	6.38	23.67	4.67	1.17	8.0	5.67	3.45	4.81	2.5	2.89	6.25	3.65		3.44		3.29		8.33	6.0	2.56	55.71	2.49	6.8			3.2	3.1	1.59	22.0	5.0	4.0		3.33		3.0	1.75		3.27	3.25	2.5		3.67	2.5			2.33			5.14	5.5			10.0			3.0	3.33	4.0		6.0	2.0	3.0	4.5		1.2	1.67	2.0		4.5		15.0	2.49		12.0				6.5	3.0	14.25	4.33	8.33		2.0			2.98	5.0	4.0			5.0			3.0	2.67				3.0		169.0	5.0	5.0	13.0	5.5	5.0				6.0		1.0	1.67		17.57				3.0			2.0					3.0			2.33				2.0	7.0		9.0	82.0		2.6	3.5		3.0						3.0	12.0	5.0		8.0		7.0		2.2													2.9		4.0				8.0						2.5	2.23			17.0												1.0														4.0	7.33					3.44						11.0	2.0				2.0					3.0				2.0	6.0					3.0										4.0		27.8										3.0											3.81									17.0		12.6									1.0						3.0			1.0		11.0																4.33			6.0					
1877	3.42	2.76	2.09	1.94	2.66	4.11	3.58	20.0	3.09	4.44	4.42	3.31	1.5	2.0	5.99	5.38	5.5	2.11	3.21	16.25	4.0	1.27	3.0		3.17	3.49	4.92	3.1		3.38	4.0	3.75	3.0	3.03		2.0	2.0	3.12	3.2	3.15	9.67	6.33		2.64	3.64	5.5	3.75	3.5	9.0		3.33		2.0	3.0		3.6	3.64	2.0	8.0	6.33				3.5		2.0	3.0	5.8			6.0			3.0	2.0	8.0				3.0			1.67	2.0	3.0		4.0	3.0		2.5		2.33				2.4		4.0	3.4			2.83	2.0		3.6			3.0					2.67		3.0	3.0					2.5				7.0							2.0		5.0				8.0			35.25		3.0			3.0								2.0		15.0			2.0	4.0				3.0			15.5			5.0				2.0		2.5		9.0	3.5		4.5							2.5	4.0		5.0									3.0		6.0			2.0																							2.0			4.0	2.5			13.0				2.0				6.0					10.0									27.8	10.0				4.0		3.0				3.25																			1.5				6.0					4.25		28.0	22.0	3.0				5.0																		173.0					4.0		2.0					4.0	4.0							5.0					24.88				2.0
1878	3.15	2.54	2.54	1.81	2.42	2.76	3.03	7.87	2.69	3.93	2.77	3.0	2.05	2.5	3.65	4.23	3.14	2.71	2.67	18.6	3.67	1.17	2.75	1.63	2.43	2.92	4.59	2.75		2.75	2.0	2.8	3.36	2.74			2.0	3.43	5.8	2.58	3.17	3.5		2.15	3.22	2.29	3.07	1.83	2.0		3.33		1.0	3.38	3.0	2.74	3.33	3.0		2.0			3.0	2.5				2.33		2.6	2.0	10.0		7.0			1.2	3.0			3.0		3.4	4.0	3.5	3.5			3.0	4.0		4.67	3.25			2.67		3.2		3.0	4.0	3.74			2.88	2.0						3.0	2.17	4.0	4.0				2.0		3.0	5.0	16.0	3.0								1.0		2.0				5.0	3.0		6.0		3.0			3.0											2.0	2.0		4.0				3.0		2.0				20.0							3.0		3.5									13.0	3.6			1.8								1.0	2.0	2.0		2.3			2.0						4.0	3.0			3.0											18.0	22.5		1.67	4.0	4.0	1.0	3.0							2.0				4.0		3.0	4.0				2.0					4.0		4.0				4.0			3.0	3.0				4.0	3.0		21.2																	4.0				3.24							11.75	4.0				5.0								7.0											2.5	5.0	2.0			2.0		2.0																	
1879	2.76	2.4	1.97	1.65	2.13	2.65	4.51	4.92	5.7	1.87	3.04	4.0	2.3		3.85	3.11	3.4	4.0	2.45	14.71	2.33	1.16	4.0	2.23	2.5	2.47	3.29	2.5	4.0	2.41		2.2	3.0	2.45			2.0	3.23	2.54	1.8	3.33	1.0		2.6	3.1	1.95	2.2	1.6			5.33			2.5	2.25	3.0	3.0	2.0		34.0	2.5			2.0	2.0	1.86	2.0	2.55	3.0		3.0			5.5			1.4	6.0			2.0		1.0	2.0	2.5	4.5	8.0		2.6	3.0		4.75		2.5		3.9		2.33		1.0		12.67	1.0		2.5					1.0			2.25						3.33	4.0	2.67			4.0					2.0		5.0	1.0	2.0	4.0		3.0		5.0	10.0		6.0								1.5		2.0		4.0			21.0	1.0			4.0		7.5						2.0						6.0							1.0	4.0							4.6		2.0	2.17											3.0	3.0									10.0			2.0		5.5	6.0										16.0						2.83						4.0	2.0		2.0		2.7					2.0		1.33	2.33		9.0					10.0			3.5							2.0	3.0						3.0	2.0											1.0						2.75							12.14		16.0											2.0											3.0			2.0																					2.67
1880	2.51	2.16	1.83	2.48	2.2	2.78	2.21	15.63	2.9	3.4	5.22	3.0	1.71		3.67	3.22	3.83	2.0	10.57	15.67	2.5	1.17	9.0	2.17	2.75	2.83	3.67	2.68	3.67	2.7	5.0	2.9	3.67			2.14		2.6	1.6	2.67	3.5	2.67		2.71	2.38	3.0	2.75	2.0	2.5		3.0				2.0	2.45	3.0	2.0		45.6			3.0	4.0	3.0	3.0	2.67	5.75	1.0		3.0					3.0	1.19			14.0	3.0		3.0	2.0	1.0	3.5		3.0				4.62		2.14		1.5		3.14	1.75			3.0			1.95	2.0				8.0	5.0	2.0	1.0		3.0	3.0		2.0				4.0	14.0	7.5							2.0	1.0						2.17		2.67							6.0						3.0	4.0	3.0		2.25	2.0	2.0	1.0			1.5					2.0		12.0				2.0			5.0		2.0			4.0						15.0	4.0		2.0	1.0	2.0		4.33							2.33	5.0										4.0				1.0	5.0										4.0	19.0		4.0	2.0	16.2		2.33				2.0	2.0	4.67							5.5				5.5		4.0	2.0			4.0				2.5						2.0			3.0				32.0										2.75				1.0	1.0		1.5		2.0		2.55		9.0					12.12	2.5			15.5							1.0		2.0			3.0					2.0										19.0			2.0		4.0										20.33		2.0
1881	3.27	4.21	3.02	1.74	2.3	3.0	5.89	8.16	2.6	2.57	3.18	2.94	1.86		3.51	3.0	3.75	5.11	2.45	14.27	24.0	1.24		2.02	2.12	3.1	4.37	2.38	3.0	2.5	4.75	2.0	3.0			2.41		3.23	2.67	2.0	4.25	2.75	7.0	5.5	2.51	7.08			7.5		2.67			4.0	2.2	2.0	2.55		2.0	2.67	2.06		3.0	3.25	1.5	31.11	3.25	6.1		3.0	1.5		2.0	2.0	1.0		1.0	2.0		2.67	1.17			3.2	2.0		2.67	2.0				6.83		2.06		3.06		3.8				2.0				2.0					3.0		2.33		3.0			2.0				4.0	15.5	1.0					3.0		2.4	3.33	2.0	4.0				4.33	6.0		2.0						4.0		9.0								2.2	2.5	2.0			2.0	1.0			4.0				22.0		3.0		2.0		2.0		2.0					1.0	26.0				2.0						8.33	13.0	5.0	1.0			3.63			2.0										2.0						3.0																2.0						4.0							9.19					2.0		2.19						3.14	2.0											2.5		15.0						2.0						2.0			1.0				4.0		3.44							11.5		14.29					1.0							5.0									18.5	2.33									3.0													2.0		
1882																																																																																																																																																																																																																																																																																																																																																															
1883	2.24	2.01	2.5	2.57	2.15	2.11	2.11	9.78	1.92	1.5	2.18	2.48	3.18		3.57	2.1	4.43	1.67	2.17	14.0	2.2	1.0	7.0	2.46	2.4	3.1	3.17	2.12	3.0	1.75	2.5	14.0	1.83			2.0		2.21	3.57	1.18	2.67	2.5		2.67	2.0	1.27	3.0	48.43	5.0		2.0		13.0	2.86	2.25	1.75	2.0			1.5	5.29		1.5	1.0	2.33	1.71	2.5	1.92	2.2		81.25					6.0			2.0		1.75		2.0	2.36		2.0	1.67					2.38	1.0	2.1	2.0	1.92	3.0	4.29	1.33	3.0		2.0							2.0	6.0			2.0	2.0	1.5			3.0			2.0		14.9		3.5							1.0		3.0				3.17	1.0		2.25						12.0		4.0		3.0		1.67	3.0			1.0		1.33	4.0			1.5			2.0				337.0		1.0		2.5							2.25				4.0			2.5	2.0		3.33				5.0					1.5	2.0	3.0			2.0			1.0	5.0				1.0		1.0		1.0	2.33	4.0	5.0			1.5					2.0			1.0						2.17		2.67		3.33							2.75	6.0						2.0									1.67							1.0		2.0		15.0		14.57				2.0				4.0	2.57	1.0			2.0	3.0			4.0		3.51		2.33					13.88				12.33			1.0				3.0			4.0					1.0										2.0			1.0		1.0									2.33			2.0		4.0
1884	2.25	1.81	1.83	4.84	2.12	2.0	1.53	5.29	1.92	1.78	2.94	2.69	3.6	2.0	3.74	1.84	2.43	3.57	2.2	15.08	1.43		3.0	2.24	2.21	1.0	2.5	1.28		2.04	2.0	2.0	4.0	1.75		2.0		5.59	29.45	2.0	2.43	3.83		2.0	2.27	1.23		3.33			2.0		14.33	17.0	4.33	3.0	2.57	2.0	3.0	1.8	2.0		7.0	3.0	3.0	1.38	2.67	1.62			8.0			2.0	5.0	3.0							1.0	1.38		5.0	1.53	2.0	2.0			2.13	2.0	1.0	2.0	2.05		2.5	2.0	3.0	3.0	2.0				2.0	1.5		2.0	2.67	1.0				1.0			1.5			3.0	6.5	13.57		2.0						2.33	1.0						5.67		3.0	1.0										2.0		1.0			9.33	2.33	2.0		1.0		1.0	1.0			2.0				8.5		4.0	3.0	4.0				1.0	6.0		2.17			144.0				4.0	1.75		2.0	2.0		31.0		2.0	2.0			3.0			3.0		3.0	1.0							3.08	6.0			1.5	3.0		11.0			2.0					1.5									3.0				2.0	2.67		18.0				3.0	2.0				1.0		2.0			4.0				5.5		2.0			5.0						1.0				14.5									2.5	1.0		2.0	1.0	1.5	1.0		2.0		1.85							12.2		15.2									1.33		1.0	4.0		7.0		5.0	1.0				6.0				2.0		7.0		14.0	2.0	2.0															
1885	2.31	1.79	1.68	4.45	1.94	2.55	1.35	12.5	4.37	1.9	2.52	3.0	2.46		3.39	2.31	3.8	2.0	2.12	13.89	4.0			2.47	2.0	1.42	3.05	1.5		2.53	3.5	3.5	2.0			3.0	4.0	2.18	1.86	1.36	2.8	2.0	3.0	2.0	1.56	1.22	2.0	1.8			2.25		1.5	2.27	1.6	2.67	2.0	4.0		1.5	3.0			3.0	2.0	1.17	3.0	1.85		1.78	3.0			2.0	2.25	1.0					3.0		3.0	1.5			1.0		2.82			2.33	1.0	1.75	2.5	1.96		2.67	1.0	2.0		2.25	1.0	5.0			2.5		3.0	3.0	4.0		2.0					1.0				8.0	18.67		3.0				1.0		2.0	2.43		3.0				2.67								3.0										1.0						2.0				2.0		2.5				7.0												7.0				1.33	2.33			2.0		3.0			3.0				1.5	2.0	3.0		2.25								6.6				2.0	2.0		4.0								2.5							1.07					3.0								20.0	3.0				2.5					3.0										1.0		5.0	1.71						15.14					6.0				2.0				1.0		2.0		3.0		2.5	6.0						12.0		10.5		14.0				1.5			1.0		2.0											2.0			2.5		6.0		8.0	2.5	1.67		1.0							6.0	5.0					
1886	3.61	3.04	3.69	3.47	3.45	2.14	1.48	17.04	10.51	1.82	3.0	2.34	3.27		3.09	2.75	1.67	2.5	2.21	15.93	4.0	3.0		2.9	2.0	1.51	2.35	1.37	2.14	11.08		5.0	2.5			2.67	2.0	2.54	5.86	1.28	3.8	1.67		2.14	2.83	1.2	2.5	1.5			2.29				2.0	2.0	2.0	2.0	2.0	2.5	2.5			4.0	2.8	1.92	2.43	2.57	3.0	5.5	7.0			338.0		4.11		2.0				155.0	3.75	1.4				14.0				3.67	2.0	39.22	3.0	3.88		1.75		2.5		2.2				3.0				3.0		2.0		2.0	2.0						2.33		15.25								10.0	1.0		5.0				6.33								2.0	9.0				6.0			2.67			6.0	2.0	2.0	1.0		5.0	20.0	1.0		2.0								3.0			4.0		4.5				17.0					2.0	5.8		5.0			5.33	18.0							1.0			3.5			56.83					1.0							4.0	1.0		2.0								3.5	1.5			2.0		2.25				3.0	23.0				1.65		4.0					1.0					9.0													1.5				11.5		13.67									2.0				1.0		2.0		5.0		2.46							12.12						6.0			4.0		1.83		10.0	3.0	2.0							4.0			7.0			1.0		6.0	9.75	10.0	2.0	7.0														2.0
1887	2.09	1.96	2.37	1.57	1.93	2.41	1.94	22.48	2.36	1.83	2.9	6.29	2.71	1.0	2.68	2.75	2.71	5.4	2.22	13.8			2.67	2.76	1.75	1.58	5.76	2.1	2.67	2.2	1.0	3.14	3.5	2.5		2.0		12.15	3.33	1.57	2.36	2.0		2.25	2.33	1.15	3.0	1.8	1.75		3.0				2.0	2.0	3.0	2.0	1.5	3.0			2.5	1.0	1.17	1.87	2.38	2.67	7.0	1.33	5.0					2.75		3.5		2.5			3.5	2.25		1.0						2.9	1.25	1.81		2.0		2.67	3.0	2.0		2.12	2.0						5.0	1.0		2.0	1.0	2.5				2.0	3.0		2.67	3.0	15.5		4.0						1.0	1.2						2.75				1.0											1.0	2.5		14.0	1.5		4.0	1.0			2.0	2.0		2.0											2.0				37.0		16.0		3.0			2.25	2.0		1.75			11.0	9.5	2.0									4.5			3.0								2.33		3.6	2.0	4.0			2.5					1.0				2.12			1.0				3.0		2.0	3.0	2.0			1.0		3.4	3.5		4.0		1.0					3.0												3.0	1.0				21.0				7.0						3.5					1.0		4.5				1.96							12.0				14.0					1.33		3.0		2.0														2.0		3.0	5.0		2.0	4.0															
1888	2.03	2.36	1.98	3.54	1.7	2.92	1.31	29.47	2.57	2.21	3.52	2.73	3.36	1.0	2.54	2.38	2.29	3.67	2.64	13.29	1.67	1.0	2.5	1.64	1.45	1.47	3.0	1.57		1.52	91.33	2.71	3.0			1.67		4.74	4.78	1.48	3.4	2.4	1.0	1.0	2.7	13.76	2.12	1.0	2.29		2.5					1.83	1.33			2.0				2.33		2.0	1.33	1.67					4.0			3.67	1.0				2.0		3.0	1.57	2.0			2.0				3.83	5.25	1.67	6.0	1.95		6.0	2.0	3.0		2.0	2.0						7.0		9.0				2.0			1.0	1.0		1.38		13.0					1.0				2.0																			11.0						1.0		9.0	1.0				1.0		2.0		1.5						5.0			2.0	3.0			2.0		3.0		3.5				1.75	2.0	1.0			1.0	7.0	4.0						1.0			2.0						2.0		2.0		1.0	1.0		1.67					1.75					16.75				1.0		2.0	3.0		2.0				3.0							9.0	2.0									2.0							1.0		3.0				1.33				18.0		15.0								1.0	3.0				1.14	3.0	2.0				2.49	3.0						12.14				13.0		6.0			4.0		3.0							1.0		2.0					3.0			2.0	2.0	2.0	2.0	2.0															8.0	3.0
